type,timestamp,x,y,yaw
actual,1745082124.1054301,394645.4256301664,4438784.140103602,0.0422615770407158
actual,1745082124.1574924,394645.42531660496,4438784.139897011,0.04232482777280811
actual,1745082124.3148215,394645.4249289195,4438784.139762169,0.04230791553235632
actual,1745082124.359627,394645.430351162,4438784.140635522,0.042222289679253386
actual,1745082124.483291,394645.4299881839,4438784.140601636,0.04221843250160655
actual,1745082124.715219,394645.4299881839,4438784.140601636,0.0422053774388016
actual,1745082124.7152617,394645.4299881839,4438784.140601636,0.0422053774388016
actual,1745082124.8563218,394645.4299881839,4438784.140601636,0.0422053774388016
actual,1745082124.8563821,394645.4299881839,4438784.140601636,0.0422053774388016
actual,1745082124.9757245,394645.43348752905,4438784.140900143,0.042252117356170064
actual,1745082125.348331,394645.43089167646,4438784.142237588,0.042287530086693156
actual,1745082125.3483765,394645.43089167646,4438784.142237588,0.042287530086693156
actual,1745082125.348404,394645.43089167646,4438784.142237588,0.042287530086693156
actual,1745082125.3732839,394645.43089167646,4438784.142237588,0.042287530086693156
actual,1745082125.508066,394645.43085169577,4438784.142241007,0.04224092979566475
actual,1745082125.5592349,394645.4308315635,4438784.142243783,0.04224944700241456
actual,1745082125.7144127,394645.43034957023,4438784.142242063,0.04223520511571828
actual,1745082125.8951964,394645.43034957023,4438784.142242063,0.04223866086763718
actual,1745082125.895245,394645.43034957023,4438784.142242063,0.04223866086763718
actual,1745082125.9966717,394645.4309100417,4438784.142851346,0.04222401755521296
actual,1745082126.2779398,394645.43089940195,4438784.142890416,0.042199390959467245
actual,1745082126.2779908,394645.43089940195,4438784.142890416,0.042199390959467245
actual,1745082126.278021,394645.43089940195,4438784.142890416,0.042199390959467245
actual,1745082126.3765733,394645.4319153323,4438784.142834894,0.042200176357630646
actual,1745082126.5107074,394645.4319339227,4438784.142825218,0.04219246200233696
actual,1745082126.556481,394645.43223363976,4438784.14285741,0.04218434622131509
actual,1745082126.7807503,394645.43227486976,4438784.142836945,0.04233920928584469
actual,1745082126.780836,394645.43227486976,4438784.142836945,0.04233920928584469
actual,1745082126.9095492,394645.4327510468,4438784.142120106,0.0423642373073181
actual,1745082126.9570796,394645.4327789179,4438784.142118205,0.0423642373073181
actual,1745082127.1372447,394645.4327343249,4438784.142416738,0.0422019216868827
actual,1745082127.2150877,394645.43276346894,4438784.142414411,0.04221150354447626
actual,1745082127.256041,394645.43278903293,4438784.142442574,0.04220310851077403
actual,1745082127.378934,394645.43278714444,4438784.142435792,0.042209775668516684
actual,1745082127.467872,394645.4334142087,4438784.141343422,0.042242395872236445
actual,1745082127.635697,394645.43338637205,4438784.1412556805,0.04222387792887291
actual,1745082127.6655777,394645.43339020177,4438784.141249942,0.042236932991677856
actual,1745082127.7560227,394645.4338813345,4438784.140812861,0.04222508220605672
actual,1745082127.8562224,394645.43394126464,4438784.1406906815,0.04221443569761965
actual,1745082127.9903605,394645.43476057705,4438784.142250472,0.04226929139600973
actual,1745082128.082801,394645.4348058605,4438784.142312901,0.042200717409698885
actual,1745082128.2418656,394645.4348058605,4438784.142312901,0.042200717409698885
actual,1745082128.2753017,394645.43488934694,4438784.1423392845,0.042206983141713596
actual,1745082128.4016232,394645.43430047855,4438784.142631159,0.04224265767162433
actual,1745082128.5709062,394645.4342928275,4438784.142638238,0.04223773584313373
actual,1745082128.5709696,394645.4342928275,4438784.142638238,0.04223773584313373
actual,1745082128.8236964,394645.4341277689,4438784.142543209,0.04227314857365657
actual,1745082128.8237448,394645.4341277689,4438784.142543209,0.04227314857365657
actual,1745082128.9596558,394645.43412793253,4438784.142543975,0.042318020988725405
actual,1745082128.9597366,394645.43412793253,4438784.142543975,0.042318020988725405
actual,1745082129.0577767,394645.4338091562,4438784.14335127,0.0422906018661766
actual,1745082129.1558654,394645.43388938456,4438784.143226158,0.04229632654612307
actual,1745082129.2558627,394645.4339713068,4438784.14311912,0.04230938160892802
actual,1745082129.3558578,394645.4332990636,4438784.143936882,0.042256375959544845
actual,1745082129.4558625,394645.4331419406,4438784.14387055,0.0422664988692064
actual,1745082129.555857,394645.4330297299,4438784.143785672,0.042252117356170064
actual,1745082129.655902,394645.43294551736,4438784.143716478,0.042228415784928044
actual,1745082129.7558794,394645.4328988234,4438784.143533242,0.04224892340363904
actual,1745082129.855905,394645.4337115618,4438784.144329924,0.042173019034469725
actual,1745082129.9559078,394645.4336891326,4438784.144351716,0.04216715472818294
actual,1745082130.0559025,394645.43366212276,4438784.14424205,0.04220457458734573
actual,1745082130.1602814,394645.43368761917,4438784.14412763,0.042182740518403344
actual,1745082130.2639368,394645.43373896065,4438784.144095964,0.042168900057434996
actual,1745082130.3610742,394645.4324684902,4438784.143758951,0.042196458806324104
actual,1745082130.4584286,394645.4323485366,4438784.143609512,0.04217767906357244
actual,1745082130.555869,394645.43222411745,4438784.143379059,0.04224984842814249
actual,1745082130.6820989,394645.4321703752,4438784.143247228,0.04222387792887291
actual,1745082130.7611501,394645.4320796007,4438784.143026779,0.042214697497007285
actual,1745082130.85592,394645.43326445605,4438784.142399421,0.04221363284616353
actual,1745082130.956025,394645.4332826417,4438784.142164027,0.04225651558588515
actual,1745082131.0560873,394645.43337311654,4438784.141955135,0.04224253549857675
actual,1745082131.1558275,394645.4334842647,4438784.141673807,0.04227527787534409
actual,1745082131.2558784,394645.43361265445,4438784.141310008,0.04228287005759019
actual,1745082131.3558726,394645.43377150793,4438784.142865512,0.042213894645551406
actual,1745082131.4558656,394645.43377308367,4438784.142833002,0.04222893938370356
actual,1745082131.5558624,394645.43381755834,4438784.142692711,0.0422615770407158
actual,1745082131.6558886,394645.4338391328,4438784.142550145,0.042254246657857576
actual,1745082131.7559512,394645.4338370238,4438784.142433954,0.0422574406103886
actual,1745082131.8558602,394645.43386643054,4438784.142282911,0.04227955393201134
actual,1745082131.955862,394645.433290145,4438784.143062489,0.04229339439297969
actual,1745082132.0558763,394645.4332203942,4438784.143014432,0.042286064010121464
actual,1745082132.1559231,394645.43325454666,4438784.142948644,0.042279152506283404
actual,1745082132.2558722,394645.43322126725,4438784.14279957,0.04231629311276583
actual,1745082132.3558624,394645.4339272786,4438784.143704239,0.042224279354600845
actual,1745082132.4558868,394645.4340329636,4438784.143716824,0.0422308068860032
actual,1745082132.5558598,394645.43416311475,4438784.143713387,0.04224984842814249
actual,1745082132.6558905,394645.4343091958,4438784.143661569,0.04225784203611654
actual,1745082132.7558577,394645.434440108,4438784.143615785,0.04222122502840988
actual,1745082132.8558803,394645.433711089,4438784.144545651,0.04224691627499911
actual,1745082132.9558887,394645.4337315477,4438784.144638815,0.0422202825506137
actual,1745082133.0558932,394645.4337603694,4438784.144645998,0.04224918520302667
actual,1745082133.155863,394645.4338658745,4438784.144647903,0.04224558982476771
actual,1745082133.2558608,394645.4339283724,4438784.1446842225,0.04225185555678218
actual,1745082133.3558977,394645.4339393773,4438784.144575247,0.04230112620156609
actual,1745082133.4558618,394645.43482774176,4438784.1426726375,0.042254246657857576
actual,1745082133.5558617,394645.4349341305,4438784.142476835,0.04226543421836289
actual,1745082133.6559546,394645.43507592886,4438784.142245993,0.04225810383550442
actual,1745082133.7558744,394645.43515629205,4438784.141976079,0.04229805442208265
actual,1745082133.8558674,394645.43526948185,4438784.141750822,0.04226023313719193
actual,1745082133.9558687,394645.43438131147,4438784.1431778055,0.04220310851077403
actual,1745082134.0558746,394645.43444415665,4438784.143043385,0.0422674238937101
actual,1745082134.1558824,394645.43452344177,4438784.143009886,0.042245188399039776
actual,1745082134.2558649,394645.43456302286,4438784.142917515,0.04225171593044213
actual,1745082134.355865,394645.43537856557,4438784.144578471,0.04216170930091683
actual,1745082134.4558651,394645.4354940726,4438784.144547629,0.04220111883542682
actual,1745082134.5558655,394645.435614908,4438784.144525844,0.04222255147864127
actual,1745082134.6558673,394645.4356994515,4438784.144439375,0.04226342708972296
actual,1745082134.7559032,394645.4358275771,4438784.144372128,0.04224812055218292
actual,1745082134.8558786,394645.4350131611,4438784.143984658,0.04221523854907552
actual,1745082134.9558592,394645.4349633097,4438784.143889355,0.042259046313300595
actual,1745082135.055857,394645.43494544737,4438784.143840572,0.04223866086763718
actual,1745082135.155786,394645.4349225045,4438784.143678696,0.04229500009589168
actual,1745082135.2559342,394645.4349591323,4438784.143515383,0.04232681744815532
actual,1745082135.3559208,394645.43497348955,4438784.143355696,0.042329086376183135
actual,1745082135.4558034,394645.4343075644,4438784.14325037,0.04223506548937822
actual,1745082135.5558877,394645.4342818279,4438784.143066135,0.0422434605230802
actual,1745082135.6558652,394645.43425002357,4438784.142895032,0.04225545093504139
actual,1745082135.755864,394645.43422854604,4438784.142709567,0.042258383088184776
actual,1745082135.855867,394645.4351515113,4438784.143660854,0.04220405098857021
actual,1745082135.9559743,394645.43523707346,4438784.143651601,0.04221708859808268
actual,1745082136.055904,394645.43529525213,4438784.1436648285,0.04222309253070951
actual,1745082136.1559207,394645.43542366533,4438784.143575498,0.04224147084773299
actual,1745082136.2559063,394645.43555735226,4438784.143581707,0.04222455860728121
actual,1745082136.3559256,394645.4348794781,4438784.142995652,0.04220324813711433
actual,1745082136.4558759,394645.4348881079,4438784.142938156,0.04222335433009714
actual,1745082136.555867,394645.43500757386,4438784.142821406,0.04224812055218292
actual,1745082136.6558654,394645.43498029705,4438784.142772863,0.04225890668696029
actual,1745082136.7558908,394645.4349680867,4438784.142609585,0.04229287079420417
actual,1745082136.855894,394645.43501429074,4438784.142543324,0.04227714537764372
actual,1745082136.9559016,394645.4352250225,4438784.143363716,0.04223773584313373
actual,1745082137.0559156,394645.4352285117,4438784.143450735,0.04217635261334105
actual,1745082137.1559548,394645.43516948586,4438784.1433858285,0.04224998805448255
actual,1745082137.2558653,394645.43494633294,4438784.143414959,0.042170086881326334
actual,1745082137.355992,394645.43564703065,4438784.1435815655,0.042254909882973396
actual,1745082137.4558609,394645.43552572787,4438784.143574622,0.042233337613418645
actual,1745082137.5559368,394645.4358163258,4438784.143497931,0.04229500009589168
actual,1745082137.6559234,394645.4365345899,4438784.1434603855,0.04230538480494087
actual,1745082137.755997,394645.4376302415,4438784.143399468,0.04239858538699744
actual,1745082137.855952,394645.4342252939,4438784.143734493,0.04219192095026872
actual,1745082137.9559076,394645.4345025881,4438784.143710549,0.04221337104677589
actual,1745082138.0558739,394645.43468077894,4438784.143543045,0.042282084659426795
actual,1745082138.155866,394645.43475670053,4438784.143534392,0.042163157924196046
actual,1745082138.2558622,394645.43479306006,4438784.143423994,0.04222574543117254
actual,1745082138.3558583,394645.43803036463,4438784.143849407,0.04223546691510616
actual,1745082138.4558344,394645.4376474433,4438784.143712217,0.04224213407284856
actual,1745082138.5559394,394645.4366026726,4438784.143624779,0.04225531130870133
actual,1745082138.6559322,394645.4352495614,4438784.143500559,0.042280478956515044
actual,1745082138.755871,394645.43392745906,4438784.143398458,0.04221590177419109
actual,1745082138.855938,394645.44072293583,4438784.14438268,0.04227702320459614
actual,1745082138.9558723,394645.4410060111,4438784.144470878,0.042193928078908656
actual,1745082139.0558887,394645.44147985487,4438784.144447012,0.04225850526123236
actual,1745082139.1559045,394645.4421916311,4438784.144442953,0.04228100255529056
actual,1745082139.2559102,394645.4430479311,4438784.144469093,0.04224360014942025
actual,1745082139.3559725,394645.44062815857,4438784.144234212,0.042188726997737694
actual,1745082139.455929,394645.44066516624,4438784.144156092,0.042181274441831645
actual,1745082139.555804,394645.44086463726,4438784.14399098,0.04220857139133287
actual,1745082139.6559236,394645.4411069121,4438784.1439104015,0.04219473093036453
actual,1745082139.7558599,394645.4413482103,4438784.143743369,0.04224679410195153
actual,1745082139.8558667,394645.4410574795,4438784.143868115,0.04224771912645498
actual,1745082139.95586,394645.4408304766,4438784.143854757,0.0422308068860032
actual,1745082140.0558856,394645.44053419266,4438784.143820761,0.04226356671606326
actual,1745082140.1558652,394645.4401953012,4438784.143693875,0.042275016075956205
actual,1745082140.255951,394645.43975404045,4438784.143554137,0.042314704863146556
actual,1745082140.3559804,394645.43982811307,4438784.1435139775,0.04216436220137986
actual,1745082140.4558809,394645.4396687159,4438784.143530756,0.04214558245862844
actual,1745082140.5558746,394645.43972839764,4438784.143514446,0.04212414981541375
actual,1745082140.6558714,394645.4399319292,4438784.143357634,0.042172355809353905
actual,1745082140.7558627,394645.4402869445,4438784.143129455,0.04223187153684695
actual,1745082140.8558755,394645.44075289974,4438784.143048895,0.04223054508661531
actual,1745082140.95589,394645.4391113058,4438784.144717693,0.042182077293287525
actual,1745082141.0559108,394645.4392026426,4438784.144766336,0.04224944700241456
actual,1745082141.155888,394645.43915133306,4438784.144859872,0.042247195527679464
actual,1745082141.256024,394645.4388248032,4438784.144990224,0.042224418980940905
actual,1745082141.3558195,394645.43832237227,4438784.144992328,0.04228168323369886
actual,1745082141.4558594,394645.4405077528,4438784.142686122,0.04227342782633693
actual,1745082141.5559266,394645.4403664284,4438784.142499272,0.04231842241445334
actual,1745082141.6558638,394645.4403920288,4438784.14229022,0.04233081425214247
actual,1745082141.7558644,394645.4404146745,4438784.142070798,0.042341460760579784
actual,1745082141.8560421,394645.44073483883,4438784.143355101,0.042191659150881085
actual,1745082141.955966,394645.4408528112,4438784.143190342,0.04221656499930691
actual,1745082142.0558634,394645.4410140472,4438784.143118068,0.042235606541446216
actual,1745082142.1557999,394645.44133151544,4438784.143147637,0.042172216183013846
actual,1745082142.2559047,394645.4418210022,4438784.142892195,0.042263828515450894
actual,1745082142.3558688,394645.4400708471,4438784.144106171,0.04225517168236103
actual,1745082142.4558659,394645.4401028269,4438784.144446989,0.042216704625647215
actual,1745082142.5557923,394645.44019179407,4438784.144666485,0.04226051238987229
actual,1745082142.6558502,394645.4399063996,4438784.1448192885,0.04219752345716762
actual,1745082142.7560112,394645.43906951934,4438784.145035617,0.04224771912645498
actual,1745082142.8558886,394645.4377986634,4438784.145317136,0.042220823602681944
actual,1745082142.955892,394645.442481359,4438784.143865032,0.042212428568979714
actual,1745082143.0559306,394645.4422356989,4438784.143483991,0.042297251570626776
actual,1745082143.1560473,394645.4421694288,4438784.143291493,0.042254909882973396
actual,1745082143.2559776,394645.4424870906,4438784.143352865,0.04218007016464784
actual,1745082143.355911,394645.44074105297,4438784.143381615,0.04225916848634818
actual,1745082143.4559047,394645.4408872664,4438784.142930706,0.042271560324037304
actual,1745082143.5559053,394645.44103210507,4438784.14267166,0.042245851624155346
actual,1745082143.6558628,394645.4411479948,4438784.142471772,0.04221722822442273
actual,1745082143.7559407,394645.44114774436,4438784.142167147,0.042222289679253386
actual,1745082143.8558774,394645.44185133773,4438784.14395183,0.042239463719093054
actual,1745082143.9558687,394645.4418731464,4438784.143901151,0.04228580221073358
actual,1745082144.0559163,394645.4418513329,4438784.143832968,0.04227248534854076
actual,1745082144.1559699,394645.44170164975,4438784.1438203985,0.042297129397578945
actual,1745082144.2559254,394645.44155012927,4438784.143814016,0.04226356671606326
actual,1745082144.3558838,394645.44170595636,4438784.144655551,0.04224119159505263
actual,1745082144.455939,394645.4419831714,4438784.144527537,0.04224079016932469
actual,1745082144.5558617,394645.44224658055,4438784.144348134,0.042335334654905125
actual,1745082144.6558685,394645.44253227324,4438784.144251374,0.04234879114343801
actual,1745082144.7558763,394645.4429413359,4438784.144202913,0.04233147747725829
actual,1745082144.8559346,394645.44243462745,4438784.144693803,0.042331215677870404
actual,1745082144.9558988,394645.44239383563,4438784.144712703,0.04230084694888574
actual,1745082145.0558717,394645.4419788779,4438784.1447426975,0.04232762029961144
actual,1745082145.1558843,394645.4415270121,4438784.144746576,0.042291003291904536
actual,1745082145.255863,394645.4411963408,4438784.144652008,0.042292469368476235
actual,1745082145.355861,394645.4419436391,4438784.144727337,0.04208672995625121
actual,1745082145.4558613,394645.4419633874,4438784.144931691,0.04202189097453963
actual,1745082145.5558603,394645.4420319967,4438784.144660008,0.04228686686157734
actual,1745082145.6559093,394645.4421936736,4438784.1445698915,0.042277948229099596
actual,1745082145.7557743,394645.44243509404,4438784.144615899,0.04225450845724521
actual,1745082145.8558652,394645.4427857724,4438784.143971897,0.042348651517097956
actual,1745082145.9558933,394645.44279780035,4438784.14403797,0.04233308318017003
actual,1745082146.0558703,394645.4423525265,4438784.14414825,0.04237476164270784
actual,1745082146.1558356,394645.4419336843,4438784.143809595,0.042338144635000935
actual,1745082146.2558916,394645.4417408775,4438784.143300133,0.04258914043473024
actual,1745082146.3558576,394645.44314940687,4438784.145841975,0.042218833927334484
actual,1745082146.4559436,394645.44316575094,4438784.1463384535,0.042151307138574914
actual,1745082146.5559142,394645.4433099241,4438784.146461143,0.0422383990682493
actual,1745082146.6559224,394645.4433753203,4438784.146663043,0.042205517065141904
actual,1745082146.7558618,394645.44336339005,4438784.146966881,0.04222801435920011
actual,1745082146.855864,394645.4449012519,4438784.1452019,0.04220816996560493
actual,1745082146.955954,394645.44502931763,4438784.145235353,0.0421747469104293
actual,1745082147.055872,394645.44510864856,4438784.145226302,0.04217741726418481
actual,1745082147.1557968,394645.4452566171,4438784.145071591,0.04222002075122582
actual,1745082147.2558758,394645.4456120257,4438784.1449886765,0.04220937424278875
actual,1745082147.3559127,394645.44474246947,4438784.145651328,0.04215624642035799
actual,1745082147.455869,394645.4446627388,4438784.145601787,0.04218860482469012
actual,1745082147.5558708,394645.4446396361,4438784.145617877,0.042150783539799404
actual,1745082147.6558619,394645.4444971788,4438784.145560133,0.042213231420435586
actual,1745082147.7558646,394645.44428967877,4438784.145440223,0.04222136465474993
actual,1745082147.8558624,394645.4446506434,4438784.146592404,0.04216076682312065
actual,1745082147.9558952,394645.4449187529,4438784.146639809,0.04220937424278875
actual,1745082148.0558817,394645.4452122073,4438784.146624509,0.04221975895183819
actual,1745082148.1558669,394645.44536865025,4438784.146641267,0.042247195527679464
actual,1745082148.2558715,394645.4455739969,4438784.146660613,0.04224332089674015
actual,1745082148.3558705,394645.44466520974,4438784.145100552,0.04221417389823177
actual,1745082148.4559207,394645.4446347458,4438784.145007813,0.04218500944643091
actual,1745082148.5558703,394645.4446087102,4438784.14480142,0.04220310851077403
actual,1745082148.6558642,394645.444664894,4438784.144569421,0.0421828801447434
actual,1745082148.7558615,394645.4445943295,4438784.144345777,0.0422168267986948
actual,1745082148.8560054,394645.44512539654,4438784.144159882,0.042226548282628416
actual,1745082148.9558494,394645.4453477628,4438784.14403049,0.04218593447093436
actual,1745082149.0558743,394645.4456194074,4438784.143698771,0.042260372763531985
actual,1745082149.155864,394645.4457026174,4438784.143434349,0.04231030663343147
actual,1745082149.2559147,394645.44580910105,4438784.143259744,0.042313762385350624
actual,1745082149.355864,394645.4450536559,4438784.144545492,0.042169423656210514
actual,1745082149.4558957,394645.44511350687,4438784.144416213,0.042214697497007285
actual,1745082149.5558062,394645.4453406552,4438784.144416141,0.04220577886452954
actual,1745082149.6558132,394645.4455207047,4438784.144222055,0.042279152506283404
actual,1745082149.7558835,394645.44556496316,4438784.14409485,0.04230723485394803
actual,1745082149.8559399,394645.44644041767,4438784.144543982,0.04215052174041152
actual,1745082149.9559085,394645.446573775,4438784.144414356,0.042269553195397616
actual,1745082150.0558603,394645.4467198693,4438784.144474277,0.04220816996560493
actual,1745082150.1558697,394645.44692386914,4438784.144416676,0.04228033933017474
actual,1745082150.2558668,394645.44716622686,4438784.144440041,0.04224253549857675
actual,1745082150.3559413,394645.4441805181,4438784.145452607,0.0422575802367289
actual,1745082150.4559014,394645.4439835402,4438784.145504926,0.04223653156594967
actual,1745082150.5558999,394645.4437547416,4438784.145476859,0.04225157630410207
actual,1745082150.6559,394645.44355098554,4438784.14537799,0.04227168249708488
actual,1745082150.7559114,394645.4433568523,4438784.145299883,0.04225810383550442
actual,1745082150.8558922,394645.4446008433,4438784.145430113,0.04223586834083409
actual,1745082150.9558854,394645.44448921003,4438784.14545472,0.0422294804357718
actual,1745082151.0559108,394645.4444542944,4438784.145491354,0.042209112443400865
actual,1745082151.1558628,394645.44444507564,4438784.145384039,0.04221429607127934
actual,1745082151.2558763,394645.4442972841,4438784.145313138,0.042265835644090824
actual,1745082151.3559093,394645.4454954765,4438784.144583508,0.04216343717687616
actual,1745082151.4559014,394645.44569497806,4438784.144375234,0.042200176357630646
actual,1745082151.5558672,394645.4458434364,4438784.144175676,0.042244385547583654
actual,1745082151.6558638,394645.4460935085,4438784.143974403,0.04232788209899908
actual,1745082151.755911,394645.4463616696,4438784.143714089,0.04236556375754974
actual,1745082151.8558977,394645.4466288178,4438784.143464966,0.042445726730093836
actual,1745082151.9558966,394645.4458731124,4438784.143290925,0.04233493322917719
actual,1745082152.055873,394645.4462012778,4438784.143170315,0.0423601008769909
actual,1745082152.1559196,394645.44932981,4438784.143134764,0.042321494193936784
actual,1745082152.255911,394645.4542126959,4438784.1429426065,0.04229419724443556
actual,1745082152.355871,394645.4595073095,4438784.1410646485,0.042003111231787967
actual,1745082152.4557781,394645.47261975583,4438784.140737909,0.04170937231867734
actual,1745082152.555859,394645.49167123996,4438784.1406334955,0.04111109090438624
actual,1745082152.655806,394645.5180024148,4438784.14070568,0.04030453935045467
actual,1745082152.755895,394645.5526546041,4438784.140702691,0.03931558343639712
actual,1745082152.8559074,394645.59998635127,4438784.145803387,0.03807468924481408
actual,1745082152.9558992,394645.6539250768,4438784.146893585,0.03645628033602488
actual,1745082153.0558925,394645.7184303886,4438784.1480697105,0.03452601599648922
actual,1745082153.1558673,394645.79417341674,4438784.148990462,0.032494697093263
actual,1745082153.2558615,394645.8815273874,4438784.150043592,0.029988264661058976
actual,1745082153.3558648,394645.98072508164,4438784.150899462,0.027079813088950657
actual,1745082153.4558609,394646.08951167716,4438784.157582545,0.024119455424888116
actual,1745082153.555895,394646.2151651374,4438784.158812015,0.020895954469502057
actual,1745082153.6558723,394646.35447489703,4438784.15925913,0.01853785757042504
actual,1745082153.7558696,394646.5077530081,4438784.159633862,0.016240759928705238
actual,1745082153.8558264,394646.67661409813,4438784.159299769,0.014616765966309623
actual,1745082153.9558916,394646.85764028743,4438784.158848144,0.013636187632661573
actual,1745082154.0558612,394647.052712488,4438784.158127975,0.013364003535813225
actual,1745082154.1559484,394647.26208053326,4438784.15707908,0.014105960454128368
actual,1745082154.255878,394647.48600617406,4438784.156422566,0.015483479019557335
actual,1745082154.3558002,394647.72697498475,4438784.158090969,0.018406975329818057
actual,1745082154.4558473,394647.9795704723,4438784.158372632,0.02246842631237891
actual,1745082154.5558622,394648.24671027926,4438784.160087127,0.027666383343960925
actual,1745082154.65587,394648.52789366804,4438784.163383822,0.03450697445434992
actual,1745082154.7558692,394648.8190418604,4438784.168359334,0.043233358914933934
actual,1745082154.855864,394649.1174085031,4438784.176118751,0.05235855110959825
actual,1745082154.9557815,394649.41770048597,4438784.186459272,0.05951832803359218
actual,1745082155.0558605,394649.7198451743,4438784.20009859,0.06543000255619218
actual,1745082155.1558077,394650.0209130589,4438784.21566458,0.06983034411961285
actual,1745082155.25591,394650.32169280713,4438784.232611361,0.07250403145403535
actual,1745082155.355868,394650.626337919,4438784.259072964,0.07405171962153397
actual,1745082155.455939,394650.92594542954,4438784.277660536,0.07459327783513535
actual,1745082155.5558646,394651.2248519706,4438784.296827848,0.07384599766260141
actual,1745082155.6559079,394651.52301549976,4438784.315703113,0.07188110599070606
actual,1745082155.755864,394651.8204034058,4438784.3339778865,0.06859810676111967
actual,1745082155.855897,394652.110687052,4438784.342894942,0.0640518207656474
actual,1745082155.9558728,394652.4056649205,4438784.357157495,0.05793866543419716
actual,1745082156.0560074,394652.70008518,4438784.3692589495,0.05068181329720734
actual,1745082156.155929,394652.9934319009,4438784.379170951,0.04178885461281314
actual,1745082156.255923,394653.2861115097,4438784.386621685,0.03173622936022401
actual,1745082156.3558958,394653.5842047563,4438784.398274314,0.019358109958984893
actual,1745082156.4558616,394653.8760541324,4438784.400092335,0.00719225750137339
actual,1745082156.5558946,394654.1673093197,4438784.397994347,-0.00463297649941897
actual,1745082156.6558623,394654.4579167253,4438784.392081443,-0.016440495408303422
actual,1745082156.7558959,394654.7477709132,4438784.38299167,-0.027602207587365164
actual,1745082156.8558953,394655.0385076647,4438784.371515599,-0.037091580183750826
actual,1745082156.955894,394655.32731136854,4438784.356303742,-0.04484230813917739
actual,1745082157.0558965,394655.6157432549,4438784.3394753635,-0.051864535664821444
actual,1745082157.1558807,394655.9036611256,4438784.321046777,-0.06003498039876749
actual,1745082157.2558842,394656.1902456983,4438784.300636389,-0.0696505926599499
actual,1745082157.355865,394656.47833897575,4438784.270363518,-0.08013504727606753
actual,1745082157.4558966,394656.7636713572,4438784.242729042,-0.09196960133506557
actual,1745082157.555875,394657.04794122424,4438784.211083955,-0.10273837008633328
actual,1745082157.6558716,394657.33100606664,4438784.17624468,-0.11197646763030929
actual,1745082157.7559297,394657.6129150026,4438784.139204125,-0.11962292961622155
actual,1745082157.8559036,394657.8975235392,4438784.104701669,-0.12605446790982086
actual,1745082157.955977,394658.178299778,4438784.064874204,-0.13051699555448984
actual,1745082158.0558715,394658.4584141679,4438784.02367097,-0.1341832341812291
actual,1745082158.1558933,394658.73756425397,4438783.981606097,-0.136879820235438
actual,1745082158.255862,394659.01641344046,4438783.939677396,-0.1410400743069543
actual,1745082158.3558931,394659.29322520917,4438783.895347976,-0.14638704755007162
actual,1745082158.4558709,394659.5697646998,4438783.850672981,-0.1532135189468119
actual,1745082158.5559256,394659.84547395457,4438783.804225166,-0.16132724048006825
actual,1745082158.655898,394660.1200332726,4438783.754770011,-0.17076215880379175
actual,1745082158.7558606,394660.3938263334,4438783.702745728,-0.18161040984919527
actual,1745082158.8558931,394660.66609952797,4438783.647574729,-0.19296613282790848
actual,1745082158.955896,394660.9393321553,4438783.59019974,-0.20439641627226687
actual,1745082159.055904,394661.2094211418,4438783.529336172,-0.21500178729896297
actual,1745082159.155899,394661.4789618871,4438783.465232595,-0.2243251092703137
actual,1745082159.2558799,394661.7483056319,4438783.398488648,-0.23148275689262013
actual,1745082159.3558774,394662.0168938015,4438783.32952568,-0.23720975812706657
actual,1745082159.4559193,394662.28492746863,4438783.261464472,-0.24170145022353667
actual,1745082159.5558848,394662.55154028954,4438783.190729695,-0.2450932532786925
actual,1745082159.6558657,394662.8179521507,4438783.119345506,-0.24711364642080103
actual,1745082159.7559032,394663.0846670767,4438783.047719121,-0.24841807059715648
actual,1745082159.855962,394663.3524579883,4438782.970486976,-0.2482668029108861
actual,1745082159.9559073,394663.6182573769,4438782.898274336,-0.24818637813895436
actual,1745082160.0558739,394663.88330258767,4438782.826378324,-0.24912513838372455
actual,1745082160.155911,394664.147779395,4438782.754094794,-0.25081025377652494
actual,1745082160.255877,394664.4121905349,4438782.681526388,-0.25391376334583626
actual,1745082160.355906,394664.677757788,4438782.611000817,-0.25837789669341726
actual,1745082160.4558966,394664.9403779945,4438782.536849719,-0.2641993027871043
actual,1745082160.555794,394665.20136592287,4438782.461574008,-0.27089248338886973
actual,1745082160.6558611,394665.4616612228,4438782.384930715,-0.2792090121812077
actual,1745082160.7558599,394665.7200048768,4438782.305763258,-0.28829638309098155
actual,1745082160.8558762,394665.9791727017,4438782.228302873,-0.2963536432229358
actual,1745082160.955873,394666.23042794876,4438782.147040188,-0.30431075636241073
actual,1745082161.0558674,394666.47298512293,4438782.066647008,-0.3122479203885354
actual,1745082161.155896,394666.7013136822,4438781.989227096,-0.31958252694370143
actual,1745082161.2559037,394666.9140224139,4438781.915152371,-0.3263031441213081
actual,1745082161.3559287,394667.11355440493,4438781.842966156,-0.3325228343503002
actual,1745082161.4559,394667.2912713416,4438781.778197005,-0.33810321047428676
actual,1745082161.5558996,394667.45052397135,4438781.719713065,-0.34308106403389965
actual,1745082161.655877,394667.5921360325,4438781.667448381,-0.34805464153684557
actual,1745082161.7559772,394667.715963251,4438781.62077819,-0.3518311500657257
actual,1745082161.855923,394667.82143839553,4438781.580594796,-0.3551281293826205
actual,1745082161.955873,394667.9009989523,4438781.548260421,-0.3578147321535079
actual,1745082162.0558953,394667.97142078355,4438781.520941415,-0.36005086544445564
actual,1745082162.1558824,394668.0263190923,4438781.500254673,-0.36230841392532515
actual,1745082162.2559137,394668.0670786445,4438781.484453316,-0.3634253548334315
actual,1745082162.3558652,394668.1010027565,4438781.467923725,-0.36415917851743257
actual,1745082162.4559216,394668.1187158857,4438781.460741287,-0.36478889331155206
actual,1745082162.5559015,394668.12587032677,4438781.457602437,-0.36484254473275834
actual,1745082162.6558807,394668.124544439,4438781.458042606,-0.36492284733164276
actual,1745082162.7558672,394668.1229520717,4438781.458403002,-0.3647767632732508
actual,1745082162.8558643,394668.1277052854,4438781.457223266,-0.36499835027508387
actual,1745082162.9558914,394668.1283073326,4438781.456764296,-0.3649658522444117
actual,1745082163.0558639,394668.12952730194,4438781.45569939,-0.3649697094220588
actual,1745082163.1557932,394668.13040294073,4438781.454731904,-0.36492190485384657
actual,1745082163.2560165,394668.1311019107,4438781.453936185,-0.3649400213714822
actual,1745082163.3558874,394668.1310215237,4438781.455668226,-0.36491899015399565
actual,1745082163.4558978,394668.13160376996,4438781.454864893,-0.36484840903904514
actual,1745082163.5557957,394668.1321936449,4438781.454223883,-0.3648642566286532
actual,1745082163.655872,394668.13275131787,4438781.453530459,-0.36488410102224833
actual,1745082163.7558708,394668.1332666316,4438781.452630582,-0.3648671887817965
actual,1745082163.8558722,394668.12738205044,4438781.457525948,-0.3647037910572249
actual,1745082163.9558616,394668.1268000551,4438781.457531864,-0.36466691225013015
actual,1745082164.0558639,394668.1261625216,4438781.45742133,-0.36464375173095637
actual,1745082164.155835,394668.125468883,4438781.457273796,-0.36461338300197166
actual,1745082164.2559462,394668.12475162325,4438781.457138391,-0.364591409306689
actual,1745082164.355896,394668.1275047396,4438781.457273245,-0.3648325614494371
actual,1745082164.4559016,394668.1273373134,4438781.457027744,-0.36483935078022733
actual,1745082164.555862,394668.12709398405,4438781.456785518,-0.3648192445872443
actual,1745082164.6558394,394668.1268515932,4438781.456450454,-0.36477437217217545
actual,1745082164.755869,394668.1266142223,4438781.456229147,-0.3647890154845997
actual,1745082164.8558667,394668.1283561926,4438781.4568315195,-0.36488157029483287
actual,1745082164.9558792,394668.1281956326,4438781.456525555,-0.36481378170668544
actual,1745082165.055886,394668.12801803206,4438781.456185533,-0.3647715796453724
actual,1745082165.1559591,394668.12792654306,4438781.45592134,-0.36473508481071304
actual,1745082165.2558768,394668.1277437063,4438781.45566275,-0.3647417519684557
actual,1745082165.355866,394668.12773049774,4438781.456799831,-0.36484175933459495
actual,1745082165.455874,394668.1277181015,4438781.456604,-0.36482922787056576
actual,1745082165.5558636,394668.12758926104,4438781.456482521,-0.3648291056975179
actual,1745082165.65587,394668.12753027864,4438781.45622457,-0.36482577211864686
actual,1745082165.7559175,394668.12737336353,4438781.455950873,-0.3648029955719083
actual,1745082165.855805,394668.12787713733,4438781.4566621,-0.36483469075112435
actual,1745082165.9559374,394668.12786378415,4438781.456604008,-0.3648429461584863
actual,1745082166.0558693,394668.12776353344,4438781.456503542,-0.36481619026105333
actual,1745082166.155874,394668.127657254,4438781.456364919,-0.36478423328244935
actual,1745082166.2558243,394668.12756624585,4438781.456209989,-0.3647719810711003
actual,1745082166.3559046,394668.1269293257,4438781.456761837,-0.3648337657266209
actual,1745082166.4558592,394668.12684083235,4438781.456654881,-0.36485746729786295
actual,1745082166.5559478,394668.12668865157,4438781.456514512,-0.3648305717740896
actual,1745082166.6559079,394668.12653116713,4438781.4563603075,-0.3648141831324136
actual,1745082166.755884,394668.12637312233,4438781.456156467,-0.3648014073222888
actual,1745082166.8558729,394668.1261655883,4438781.455926949,-0.3647840936561091
actual,1745082166.9558609,394668.1277821242,4438781.45694134,-0.3648534704938758
actual,1745082167.0559165,394668.1277594438,4438781.456838304,-0.364812856682182
actual,1745082167.155905,394668.1277555071,4438781.456781055,-0.36480632915077965
