type,timestamp,x,y,yaw,target_waypoint_idx
actual,1746206583.1994767,394641.59998032334,4438790.417741411,-0.0022349290137637216,0
actual,1746206583.1995342,394641.59998032334,4438790.417741411,-0.0022349290137637216,0
actual,1746206583.2318192,394641.59998032334,4438790.417741411,-0.0022349290137637216,0
actual,1746206584.4899814,394641.59998032334,4438790.417741411,-0.0022349290137637216,0
actual,1746206584.4900289,394641.59998032334,4438790.417741411,-0.0022349290137637216,0
actual,1746206585.6431572,394641.59998032334,4438790.417741411,-0.002444787403023462,0
actual,1746206585.6432123,394641.59998032334,4438790.417741411,-0.002444787403023462,0
actual,1746206585.9040053,394641.60121147614,4438790.417857321,-0.002444787403023462,0
actual,1746206585.9040835,394641.60121147614,4438790.417857321,-0.002444787403023462,0
actual,1746206588.9667652,394641.60121147614,4438790.417857321,-0.0015129386620913333,0
actual,1746206588.9668431,394641.60121147614,4438790.417857321,-0.0015129386620913333,0
actual,1746206590.2762866,394641.60121147614,4438790.417857321,-0.0019619420654592495,0
actual,1746206590.276335,394641.60121147614,4438790.417857321,-0.0019619420654592495,0
actual,1746206590.7691753,394641.6001001028,4438790.416758878,-0.001227175903662275,0
actual,1746206590.7692277,394641.6001001028,4438790.416758878,-0.001227175903662275,0
actual,1746206591.816988,394641.60122102546,4438790.416929098,-0.0007049384848805472,0
actual,1746206591.8170316,394641.60122102546,4438790.416929098,-0.0007049384848805472,0
actual,1746206591.9331605,394641.60122102546,4438790.416929098,-0.0007049384848805472,0
actual,1746206593.3168375,394641.60122102546,4438790.416929098,-0.0007049384848805472,0
actual,1746206593.3168843,394641.60122102546,4438790.416929098,-0.0007049384848805472,0
actual,1746206593.7119,394641.60134514235,4438790.418493538,-0.00036192892698600995,0
actual,1746206593.7119522,394641.60134514235,4438790.418493538,-0.00036192892698600995,0
actual,1746206593.7119806,394641.60134514235,4438790.418493538,-0.00036192892698600995,0
actual,1746206595.081698,394641.60134514235,4438790.418493538,-0.00036192892698600995,0
actual,1746206595.0817463,394641.60134514235,4438790.418493538,-0.00036192892698600995,0
actual,1746206595.5245817,394641.5987170387,4438790.417548481,-0.0016813803882011484,0
actual,1746206595.5246413,394641.5987170387,4438790.417548481,-0.0016813803882011484,0
actual,1746206597.468283,394641.6011316379,4438790.416975462,-0.0018029600238951707,0
actual,1746206597.4683328,394641.6011316379,4438790.416975462,-0.0018029600238951707,0
actual,1746206599.1877735,394641.6011316379,4438790.416975462,-0.0018029600238951707,0
actual,1746206599.187833,394641.6011316379,4438790.416975462,-0.0018029600238951707,0
actual,1746206599.510556,394641.59992351494,4438790.418063894,-0.0023809956188631594,0
actual,1746206599.5106018,394641.59992351494,4438790.418063894,-0.0023809956188631594,0
actual,1746206599.51063,394641.59992351494,4438790.418063894,-0.0023809956188631594,0
actual,1746206601.3864875,394641.5998319824,4438790.421987133,-0.001715344495445024,0
actual,1746206601.386549,394641.5998319824,4438790.421987133,-0.001715344495445024,0
actual,1746206602.1177406,394641.60091681796,4438790.41792142,-0.0020917771085151964,0
actual,1746206602.1177897,394641.60091681796,4438790.41792142,-0.0020917771085151964,0
actual,1746206603.0272903,394641.60091681796,4438790.41792142,-0.0020917771085151964,0
actual,1746206603.0273914,394641.60091681796,4438790.41792142,-0.0020917771085151964,0
actual,1746206603.7913644,394641.60091681796,4438790.41792142,-0.0020917771085151964,0
actual,1746206603.7914221,394641.60091681796,4438790.41792142,-0.0020917771085151964,0
actual,1746206606.2915657,394641.6021177718,4438790.416589019,-0.0012982980706810487,0
actual,1746206606.291615,394641.6021177718,4438790.416589019,-0.0012982980706810487,0
actual,1746206606.6159232,394641.60025056254,4438790.415221084,-0.0011471525574582332,0
actual,1746206606.6159713,394641.60025056254,4438790.415221084,-0.0011471525574582332,0
actual,1746206606.6159987,394641.60025056254,4438790.415221084,-0.0011471525574582332,0
actual,1746206606.7501504,394641.6004679267,4438790.419008173,-0.0011471525574582332,0
actual,1746206606.949837,394641.6004679267,4438790.419008173,-0.0011471525574582332,0
actual,1746206606.9498887,394641.6004679267,4438790.419008173,-0.0011471525574582332,0
actual,1746206608.0261147,394641.60101942497,4438790.421131293,0.00036233035271394725,0
actual,1746206608.0262475,394641.60101942497,4438790.421131293,0.00036233035271394725,0
actual,1746206610.041669,394641.60101942497,4438790.421131293,0.00036233035271394725,0
actual,1746206610.0417385,394641.60101942497,4438790.421131293,0.00036233035271394725,0
actual,1746206617.5603275,394641.60458603443,4438790.409390117,-0.0036898180249337015,0
actual,1746206617.5603957,394641.60458603443,4438790.409390117,-0.0036898180249337015,0
actual,1746206619.373329,394641.60458603443,4438790.409390117,-0.0017678090927599592,0
actual,1746206619.3734019,394641.60458603443,4438790.409390117,-0.0017678090927599592,0
actual,1746206623.399255,394641.60458603443,4438790.409390117,-0.002669952329823488,0
actual,1746206623.399304,394641.60458603443,4438790.409390117,-0.002669952329823488,0
actual,1746206624.3349724,394641.6062483039,4438790.397451119,-0.0013080195546146672,0
actual,1746206624.3350263,394641.6062483039,4438790.397451119,-0.0013080195546146672,0
actual,1746206628.4908633,394641.60513051675,4438790.402543972,-0.0002506118272938466,0
actual,1746206628.4909084,394641.60513051675,4438790.402543972,-0.0002506118272938466,0
actual,1746206629.5343986,394641.604537271,4438790.405408148,-0.004087822907558624,0
actual,1746206629.5345168,394641.604537271,4438790.405408148,-0.004087822907558624,0
actual,1746206629.7352948,394641.60203198844,4438790.404881119,-0.0017085551646547938,0
actual,1746206629.7353692,394641.60203198844,4438790.404881119,-0.0017085551646547938,0
actual,1746206629.9957988,394641.60203198844,4438790.404881119,-0.0017085551646547938,0
actual,1746206629.99588,394641.60203198844,4438790.404881119,-0.0017085551646547938,0
actual,1746206630.413113,394641.6032436023,4438790.405204582,-0.0036261658671134533,0
actual,1746206630.413166,394641.6032436023,4438790.405204582,-0.0036261658671134533,0
actual,1746206630.9638934,394641.60335819947,4438790.404905436,-0.0026343999729603394,0
actual,1746206630.9639983,394641.60335819947,4438790.404905436,-0.0026343999729603394,0
actual,1746206632.8531997,394641.60335819947,4438790.404905436,-0.0026343999729603394,0
actual,1746206632.8532946,394641.60335819947,4438790.404905436,-0.0026343999729603394,0
actual,1746206633.9078715,394641.60550835484,4438790.400560505,-0.001975538180332434,0
actual,1746206633.9079595,394641.60550835484,4438790.400560505,-0.001975538180332434,0
actual,1746206634.9648805,394641.6026871888,4438790.4057463305,-0.0023021765498431775,0
actual,1746206634.964958,394641.6026871888,4438790.4057463305,-0.0023021765498431775,0
actual,1746206637.6375995,394641.6026871888,4438790.4057463305,-0.0019477001787629694,0
actual,1746206637.6376834,394641.6026871888,4438790.4057463305,-0.0019477001787629694,0
actual,1746206638.1025028,394641.6026871888,4438790.4057463305,-0.003434144742809201,0
actual,1746206638.1025765,394641.6026871888,4438790.4057463305,-0.003434144742809201,0
actual,1746206642.690912,394641.6030424663,4438790.404877061,-0.0015446338413073921,0
actual,1746206642.6909564,394641.6030424663,4438790.404877061,-0.0015446338413073921,0
actual,1746206642.7990928,394641.6030424663,4438790.404877061,-0.004393814032018071,0
actual,1746206643.706039,394641.6030424663,4438790.404877061,-0.004393814032018071,0
actual,1746206643.706106,394641.6030424663,4438790.404877061,-0.004393814032018071,0
actual,1746206645.9408638,394641.60037772555,4438790.407601415,-0.005739113819455463,0
actual,1746206645.940927,394641.60037772555,4438790.407601415,-0.005739113819455463,0
actual,1746206646.7113001,394641.5995890663,4438790.416370982,-0.0017924356885056776,0
actual,1746206646.7113714,394641.5995890663,4438790.416370982,-0.0017924356885056776,0
actual,1746206648.8340392,394641.600636959,4438790.416543193,-0.0012415574166986102,0
actual,1746206648.834163,394641.600636959,4438790.416543193,-0.0012415574166986102,0
actual,1746206652.956067,394641.60383007914,4438790.418913988,-0.002426269459659927,0
actual,1746206652.95612,394641.60383007914,4438790.418913988,-0.002426269459659927,0
actual,1746206653.8641255,394641.6008723642,4438790.415939101,0.00024581217185082685,0
actual,1746206653.864175,394641.6008723642,4438790.415939101,0.00024581217185082685,0
actual,1746206654.6563144,394641.6022834052,4438790.4169674385,-0.0025116335133749806,0
actual,1746206654.6564372,394641.6022834052,4438790.4169674385,-0.0025116335133749806,0
actual,1746206654.7791147,394641.60258622013,4438790.419824334,-0.003679031890156326,0
actual,1746206657.906933,394641.60258622013,4438790.419824334,-0.003679031890156326,0
actual,1746206657.9069798,394641.60258622013,4438790.419824334,-0.003679031890156326,0
actual,1746206658.0390248,394641.60258622013,4438790.419824334,-0.0006366262979573345,0
actual,1746206658.2712386,394641.6023022333,4438790.413862095,-0.0006366262979573345,0
actual,1746206658.2712932,394641.6023022333,4438790.413862095,-0.0006366262979573345,0
actual,1746206661.9016554,394641.6023022333,4438790.413862095,-0.0006366262979573345,0
actual,1746206661.9017026,394641.6023022333,4438790.413862095,-0.0006366262979573345,0
actual,1746206662.199477,394641.6019059608,4438790.419915214,-0.0010502169708026532,0
actual,1746206662.1995494,394641.6019059608,4438790.419915214,-0.0010502169708026532,0
actual,1746206666.8318293,394641.6022043916,4438790.416644729,-0.0010502169708026532,0
actual,1746206666.8319302,394641.6022043916,4438790.416644729,-0.0010502169708026532,0
actual,1746206667.2436385,394641.60290204675,4438790.415087618,-0.0025341308074331853,0
actual,1746206667.243689,394641.60290204675,4438790.415087618,-0.0025341308074331853,0
actual,1746206667.9447858,394641.60290204675,4438790.415087618,-0.0025341308074331853,0
actual,1746206667.9449968,394641.60290204675,4438790.415087618,-0.0025341308074331853,0
actual,1746206668.258153,394641.60290204675,4438790.415087618,-0.0027225565534784784,0
actual,1746206668.2582717,394641.60290204675,4438790.415087618,-0.0027225565534784784,0
actual,1746206668.2583048,394641.60290204675,4438790.415087618,-0.0027225565534784784,0
actual,1746206673.2967339,394641.6034780546,4438790.415760969,-0.003945334227425671,0
actual,1746206673.2967873,394641.6034780546,4438790.415760969,-0.003945334227425671,0
actual,1746206673.4556031,394641.60069653916,4438790.416993533,-0.0028751506899802643,0
actual,1746206675.8689938,394641.60069653916,4438790.416993533,-0.0028751506899802643,0
actual,1746206675.8690624,394641.60069653916,4438790.416993533,-0.0028751506899802643,0
actual,1746206675.98964,394641.6014008273,4438790.421055112,-0.003485405062940076,0
actual,1746206677.1356502,394641.6017066173,4438790.419421598,-0.004235896641297749,0
actual,1746206677.1357555,394641.6017066173,4438790.419421598,-0.004235896641297749,0
actual,1746206678.8476326,394641.6017066173,4438790.419421598,-0.00432857362457855,0
actual,1746206678.8477092,394641.6017066173,4438790.419421598,-0.00432857362457855,0
actual,1746206681.9879963,394641.6017066173,4438790.419421598,-0.00432857362457855,0
actual,1746206681.988065,394641.6017066173,4438790.419421598,-0.00432857362457855,0
actual,1746206685.1360483,394641.5994338967,4438790.420429252,-0.004263193590798973,0
actual,1746206685.1361537,394641.5994338967,4438790.420429252,-0.004263193590798973,0
actual,1746206685.4918687,394641.5994338967,4438790.420429252,-0.004263193590798973,0
actual,1746206685.491919,394641.5994338967,4438790.420429252,-0.004263193590798973,0
actual,1746206685.4919484,394641.5994338967,4438790.420429252,-0.004263193590798973,0
actual,1746206685.9197447,394641.59979266487,4438790.419695116,-0.003935211317764115,0
actual,1746206685.9197922,394641.59979266487,4438790.419695116,-0.003935211317764115,0
actual,1746206687.304552,394641.59979266487,4438790.419695116,-0.003935211317764115,0
actual,1746206687.3046618,394641.59979266487,4438790.419695116,-0.003935211317764115,0
actual,1746206687.446392,394641.6013796546,4438790.41784268,-0.003935211317764115,0
actual,1746206690.754706,394641.60257410124,4438790.415166334,-0.003423096808643943,0
actual,1746206690.7547603,394641.60257410124,4438790.415166334,-0.003423096808643943,0
actual,1746206693.8304904,394641.6019871986,4438790.417887294,-0.003963852170789454,0
actual,1746206693.830566,394641.6019871986,4438790.417887294,-0.003963852170789454,0
actual,1746206694.214739,394641.6019871986,4438790.417887294,-0.0032895442142814573,0
actual,1746206694.2147906,394641.6019871986,4438790.417887294,-0.0032895442142814573,0
actual,1746206694.2148187,394641.6019871986,4438790.417887294,-0.0032895442142814573,0
actual,1746206701.2861238,394641.60159298975,4438790.415076013,-0.0041589276212846745,0
actual,1746206701.28619,394641.60159298975,4438790.415076013,-0.0041589276212846745,0
actual,1746206701.749413,394641.60276558046,4438790.413337091,-0.0041589276212846745,0
actual,1746206701.7494617,394641.60276558046,4438790.413337091,-0.0041589276212846745,0
actual,1746206702.150522,394641.60276558046,4438790.413337091,-0.004736299991137092,0
actual,1746206702.1505735,394641.60276558046,4438790.413337091,-0.004736299991137092,0
actual,1746206708.152569,394641.60271775257,4438790.415760952,-0.005504087782381764,0
actual,1746206708.152666,394641.60271775257,4438790.415760952,-0.005504087782381764,0
actual,1746206708.9252768,394641.60271775257,4438790.415760952,-0.004201408935278357,0
actual,1746206708.925406,394641.60271775257,4438790.415760952,-0.004201408935278357,0
actual,1746206711.2123194,394641.6014618739,4438790.415041243,-0.0037702427968656803,0
actual,1746206711.212377,394641.6014618739,4438790.415041243,-0.0037702427968656803,0
actual,1746206712.4617631,394641.6014618739,4438790.415041243,-0.0050898338844208735,0
actual,1746206712.4618785,394641.6014618739,4438790.415041243,-0.0050898338844208735,0
actual,1746206715.4914002,394641.6009490214,4438790.414794482,-0.0050898338844208735,0
actual,1746206715.4914494,394641.6009490214,4438790.414794482,-0.0050898338844208735,0
actual,1746206716.0612197,394641.6009490214,4438790.414794482,-0.0050898338844208735,0
actual,1746206716.0613613,394641.6009490214,4438790.414794482,-0.0050898338844208735,0
actual,1746206716.8425062,394641.6009490214,4438790.414794482,-0.0035543804749788603,0
actual,1746206716.8426,394641.6009490214,4438790.414794482,-0.0035543804749788603,0
actual,1746206717.098719,394641.6009490214,4438790.414794482,-0.0027242844294380546,0
actual,1746206717.098806,394641.6009490214,4438790.414794482,-0.0027242844294380546,0
actual,1746206717.2323658,394641.6012456657,4438790.41294322,-0.0027242844294380546,0
actual,1746206718.274736,394641.5996133401,4438790.412516514,-0.0027242844294380546,0
actual,1746206718.2747967,394641.5996133401,4438790.412516514,-0.0027242844294380546,0
actual,1746206719.6343796,394641.6005555968,4438790.411986317,-0.0015647400342904487,0
actual,1746206719.6345918,394641.6005555968,4438790.411986317,-0.0015647400342904487,0
actual,1746206722.7900965,394641.6005555968,4438790.411986317,-0.0015647400342904487,0
actual,1746206722.7901511,394641.6005555968,4438790.411986317,-0.0015647400342904487,0
actual,1746206724.319291,394641.59888281254,4438790.416585165,-0.003907251143147071,0
actual,1746206724.3194344,394641.59888281254,4438790.416585165,-0.003907251143147071,0
actual,1746206725.0388029,394641.59888281254,4438790.416585165,-0.0038442796637351184,0
actual,1746206725.0388787,394641.59888281254,4438790.416585165,-0.0038442796637351184,0
actual,1746206727.3354928,394641.59888281254,4438790.416585165,-0.0020018926520374808,0
actual,1746206727.335674,394641.59888281254,4438790.416585165,-0.0020018926520374808,0
actual,1746206731.3965704,394641.59888281254,4438790.416585165,-0.0031328136474522233,0
actual,1746206731.3967164,394641.59888281254,4438790.416585165,-0.0031328136474522233,0
actual,1746206732.1448753,394641.59888281254,4438790.416585165,-0.0034473219786617243,0
actual,1746206732.1451929,394641.59888281254,4438790.416585165,-0.0034473219786617243,0
actual,1746206733.9169238,394641.5987850516,4438790.4161823,-0.0013981658104800171,0
actual,1746206733.9171011,394641.5987850516,4438790.4161823,-0.0013981658104800171,0
actual,1746206734.8464062,394641.5987850516,4438790.4161823,-0.0030465245692337154,0
actual,1746206734.846517,394641.5987850516,4438790.4161823,-0.0030465245692337154,0
actual,1746206735.1767838,394641.5987850516,4438790.4161823,-0.0030465245692337154,0
actual,1746206735.1769817,394641.5987850516,4438790.4161823,-0.0030465245692337154,0
actual,1746206735.1770391,394641.5987850516,4438790.4161823,-0.0030465245692337154,0
actual,1746206736.0585215,394641.5987850516,4438790.4161823,-0.0031238950149744794,0
actual,1746206736.0585794,394641.5987850516,4438790.4161823,-0.0031238950149744794,0
actual,1746206738.249827,394641.59913372726,4438790.413911683,-0.0031238950149744794,0
actual,1746206738.2500072,394641.59913372726,4438790.413911683,-0.0031238950149744794,0
actual,1746206738.5526757,394641.5984597569,4438790.418955704,-0.003420426454888437,0
actual,1746206738.5528393,394641.5984597569,4438790.418955704,-0.003420426454888437,0
actual,1746206738.5528927,394641.5984597569,4438790.418955704,-0.003420426454888437,0
actual,1746206739.9373887,394641.5984597569,4438790.418955704,-0.003420426454888437,0
actual,1746206739.9374557,394641.5984597569,4438790.418955704,-0.003420426454888437,0
actual,1746206740.131061,394641.5992180268,4438790.417655771,-0.004651616615830333,0
actual,1746206742.1154432,394641.5995780412,4438790.418730794,-0.004256666059396377,0
actual,1746206742.1155035,394641.5995780412,4438790.418730794,-0.004256666059396377,0
actual,1746206745.3728878,394641.5995780412,4438790.418730794,-0.004256666059396377,0
actual,1746206745.3729565,394641.5995780412,4438790.418730794,-0.004256666059396377,0
actual,1746206747.9655654,394641.5995685189,4438790.419827407,-0.002254371981630959,0
actual,1746206747.9656396,394641.5995685189,4438790.419827407,-0.002254371981630959,0
actual,1746206750.5403056,394641.5995685189,4438790.419827407,-0.0027622278873763516,0
actual,1746206750.54037,394641.5995685189,4438790.419827407,-0.0027622278873763516,0
actual,1746206752.010444,394641.59908205975,4438790.418576159,-0.004179958838771185,0
actual,1746206752.0104883,394641.59908205975,4438790.418576159,-0.004179958838771185,0
actual,1746206755.3760426,394641.60011139396,4438790.419816691,-0.0018305187727842775,0
actual,1746206755.3760955,394641.60011139396,4438790.419816691,-0.0018305187727842775,0
actual,1746206755.8365593,394641.60011139396,4438790.419816691,-0.003631750920719872,0
actual,1746206755.8366241,394641.60011139396,4438790.419816691,-0.003631750920719872,0
actual,1746206759.973044,394641.60017361847,4438790.418498046,-0.003631750920719872,0
actual,1746206759.9731128,394641.60017361847,4438790.418498046,-0.003631750920719872,0
actual,1746206763.6153924,394641.5998565445,4438790.419781619,-0.003631750920719872,0
actual,1746206763.6154566,394641.5998565445,4438790.419781619,-0.003631750920719872,0
actual,1746206764.6860728,394641.5998565445,4438790.419781619,-0.003631750920719872,0
actual,1746206764.6861181,394641.5998565445,4438790.419781619,-0.003631750920719872,0
actual,1746206765.2260568,394641.601670033,4438790.420944016,-0.0029904645936595724,0
actual,1746206765.226139,394641.601670033,4438790.420944016,-0.0029904645936595724,0
actual,1746206770.2104075,394641.6013424494,4438790.417993857,-0.004155733668753652,0
actual,1746206770.2104514,394641.6013424494,4438790.417993857,-0.004155733668753652,0
actual,1746206771.2800674,394641.602770482,4438790.4203144815,-0.003057048904623209,0
actual,1746206771.2801185,394641.602770482,4438790.4203144815,-0.003057048904623209,0
actual,1746206775.7663276,394641.6034055176,4438790.419587288,-0.00373228188563466,0
actual,1746206775.766383,394641.6034055176,4438790.419587288,-0.00373228188563466,0
actual,1746206775.8894656,394641.6037917759,4438790.414947158,-0.00373228188563466,0
actual,1746206782.3899996,394641.6037917759,4438790.414947158,-0.0013622120278889308,0
actual,1746206782.3900785,394641.6037917759,4438790.414947158,-0.0013622120278889308,0
actual,1746206784.7522748,394641.602491818,4438790.416778551,-0.005539779765585216,0
actual,1746206784.752323,394641.602491818,4438790.416778551,-0.005539779765585216,0
actual,1746206784.9116402,394641.6022461093,4438790.4176666085,-0.003966644697592539,0
actual,1746206785.0739985,394641.6022461093,4438790.4176666085,-0.003966644697592539,0
actual,1746206785.0740464,394641.6022461093,4438790.4176666085,-0.003966644697592539,0
actual,1746206785.2378871,394641.60430939466,4438790.415019034,-0.003966644697592539,0
actual,1746206786.7203348,394641.6054252691,4438790.416206271,-0.003932017365233092,0
actual,1746206786.7204018,394641.6054252691,4438790.416206271,-0.003932017365233092,0
actual,1746206789.8536568,394641.6054252691,4438790.416206271,-0.003932017365233092,0
actual,1746206789.8538113,394641.6054252691,4438790.416206271,-0.003932017365233092,0
actual,1746206790.1615798,394641.6035066422,4438790.417972993,-0.003322565843729155,0
actual,1746206790.1618228,394641.6035066422,4438790.417972993,-0.003322565843729155,0
actual,1746206790.1618955,394641.6035066422,4438790.417972993,-0.003322565843729155,0
actual,1746206790.4389527,394641.6035066422,4438790.417972993,-0.003322565843729155,0
actual,1746206790.4391613,394641.6035066422,4438790.417972993,-0.003322565843729155,0
actual,1746206790.5527623,394641.6035066422,4438790.417972993,-0.003322565843729155,0
actual,1746206790.6578906,394641.6035066422,4438790.417972993,-0.00263572642319173,0
actual,1746206790.6580474,394641.6035066422,4438790.417972993,-0.00263572642319173,0
actual,1746206790.9543166,394641.6070396347,4438790.413849831,-0.003010029734574389,0
actual,1746206790.9545584,394641.6070396347,4438790.413849831,-0.003010029734574389,0
actual,1746206790.954655,394641.6070396347,4438790.413849831,-0.003010029734574389,0
actual,1746206791.3540516,394641.60751817806,4438790.413889962,-0.003010029734574389,0
actual,1746206791.3542325,394641.60751817806,4438790.413889962,-0.003010029734574389,0
actual,1746206793.4920034,394641.6066535141,4438790.413958981,-0.002983535636529287,0
actual,1746206793.4920995,394641.6066535141,4438790.413958981,-0.002983535636529287,0
actual,1746206793.688141,394641.6070980653,4438790.410540539,-0.0022676888438237855,0
actual,1746206794.0140197,394641.6070980653,4438790.410540539,-0.0022676888438237855,0
actual,1746206794.0140731,394641.6070980653,4438790.410540539,-0.0022676888438237855,0
actual,1746206794.4085813,394641.6078149894,4438790.412920572,-0.0029593104665115062,0
actual,1746206794.4086277,394641.6078149894,4438790.412920572,-0.0029593104665115062,0
actual,1746206794.408656,394641.6078149894,4438790.412920572,-0.0029593104665115062,0
actual,1746206794.4273465,394641.6065685769,4438790.414622926,-0.0029593104665115062,0
actual,1746206794.547415,394641.6065685769,4438790.414622926,-0.0029593104665115062,0
actual,1746206794.8503294,394641.6065685769,4438790.414622926,-0.0029593104665115062,0
actual,1746206794.8504684,394641.6065685769,4438790.414622926,-0.0029593104665115062,0
actual,1746206794.8505116,394641.6065685769,4438790.414622926,-0.0029593104665115062,0
actual,1746206800.2268581,394641.6065685769,4438790.414622926,-0.0029593104665115062,0
actual,1746206800.2269516,394641.6065685769,4438790.414622926,-0.0029593104665115062,0
actual,1746206800.3773694,394641.6065685769,4438790.414622926,-0.0038872845765043173,0
actual,1746206801.6404624,394641.6060992491,4438790.413590972,-0.0038872845765043173,0
actual,1746206801.6406188,394641.6060992491,4438790.413590972,-0.0038872845765043173,0
actual,1746206801.7473915,394641.6060992491,4438790.413590972,-0.0030246905002913305,0
actual,1746206801.8532536,394641.60571407306,4438790.416099247,-0.003957848238162622,0
actual,1746206802.9144828,394641.60571407306,4438790.416099247,-0.003957848238162622,0
actual,1746206802.914534,394641.60571407306,4438790.416099247,-0.003957848238162622,0
actual,1746206803.0379474,394641.60571407306,4438790.416099247,-0.004491412843789719,0
actual,1746206803.1486669,394641.60673789366,4438790.416054308,-0.004491412843789719,0
actual,1746206806.0880516,394641.60673789366,4438790.416054308,-0.004491412843789719,0
actual,1746206806.088098,394641.60673789366,4438790.416054308,-0.004491412843789719,0
actual,1746206806.679302,394641.6059139717,4438790.417434268,-0.004491412843789719,0
actual,1746206806.6793509,394641.6059139717,4438790.417434268,-0.004491412843789719,0
actual,1746206808.4670057,394641.61000608525,4438790.417952743,-0.004752147580745121,0
actual,1746206808.467058,394641.61000608525,4438790.417952743,-0.004752147580745121,0
actual,1746206808.5956473,394641.60843928444,4438790.414238518,-0.0030872780072678215,0
actual,1746206809.8780901,394641.60907863424,4438790.413323118,-0.002788198386645937,0
actual,1746206809.8781657,394641.60907863424,4438790.413323118,-0.002788198386645937,0
actual,1746206821.9844751,394641.6115213572,4438790.418720088,-0.0034224335835281237,0
actual,1746206821.9845243,394641.6115213572,4438790.418720088,-0.0034224335835281237,0
actual,1746206822.2365024,394641.60969924246,4438790.421554257,-0.004176363460512225,0
actual,1746206822.2366195,394641.60969924246,4438790.421554257,-0.004176363460512225,0
actual,1746206826.4898047,394641.60969924246,4438790.421554257,-0.004176363460512225,0
actual,1746206826.4898803,394641.60969924246,4438790.421554257,-0.004176363460512225,0
actual,1746206828.1290495,394641.60969924246,4438790.421554257,-0.0044545340366949305,0
actual,1746206828.1291332,394641.60969924246,4438790.421554257,-0.0044545340366949305,0
actual,1746206829.4906375,394641.61339599703,4438790.413156589,-0.00207221196760038,0
actual,1746206829.4907131,394641.61339599703,4438790.413156589,-0.00207221196760038,0
actual,1746206830.1900434,394641.6127923287,4438790.41465804,-0.0018387741801462018,0
actual,1746206830.1900928,394641.6127923287,4438790.41465804,-0.0018387741801462018,0
actual,1746206833.817063,394641.61206064105,4438790.414336209,-0.0018387741801462018,0
actual,1746206833.8171108,394641.61206064105,4438790.414336209,-0.0018387741801462018,0
actual,1746206834.7362833,394641.61206064105,4438790.414336209,-0.0018387741801462018,0
actual,1746206834.7363858,394641.61206064105,4438790.414336209,-0.0018387741801462018,0
actual,1746206838.939521,394641.6106352687,4438790.411860182,0.00024233896663944623,0
actual,1746206838.939608,394641.6106352687,4438790.411860182,0.00024233896663944623,0
actual,1746206839.1416397,394641.6106352687,4438790.411860182,0.00024233896663944623,0
actual,1746206839.1417537,394641.6106352687,4438790.411860182,0.00024233896663944623,0
actual,1746206840.3858118,394641.61224152654,4438790.41087508,-0.0027877969609179996,0
actual,1746206840.3858745,394641.61224152654,4438790.41087508,-0.0027877969609179996,0
actual,1746206843.1844196,394641.61224152654,4438790.41087508,-0.0027877969609179996,0
actual,1746206843.184471,394641.61224152654,4438790.41087508,-0.0027877969609179996,0
actual,1746206843.3226235,394641.61010781734,4438790.416449075,-0.0022190814241556923,0
actual,1746206843.933334,394641.6111732911,4438790.412899383,-0.0022190814241556923,0
actual,1746206843.9334314,394641.6111732911,4438790.412899383,-0.0022190814241556923,0
actual,1746206844.187111,394641.610644532,4438790.416359353,-0.001544773467647695,0
actual,1746206844.187163,394641.610644532,4438790.416359353,-0.001544773467647695,0
actual,1746206844.3560455,394641.610644532,4438790.416359353,-0.001544773467647695,0
actual,1746206844.356124,394641.610644532,4438790.416359353,-0.001544773467647695,0
actual,1746206844.467152,394641.610644532,4438790.416359353,-0.001544773467647695,0
actual,1746206844.6566632,394641.610644532,4438790.416359353,-0.002037846434628567,0
actual,1746206844.6567304,394641.610644532,4438790.416359353,-0.002037846434628567,0
actual,1746206845.2982056,394641.6105025275,4438790.41942018,-0.002037846434628567,0
actual,1746206845.298257,394641.6105025275,4438790.41942018,-0.002037846434628567,0
actual,1746206846.5121331,394641.6105025275,4438790.41942018,-0.0016587434678028887,0
actual,1746206846.512177,394641.6105025275,4438790.41942018,-0.0016587434678028887,0
actual,1746206846.6553679,394641.6102607706,4438790.419770661,-0.0022584909586656834,0
actual,1746206846.9708729,394641.61053916183,4438790.419371797,-0.0022584909586656834,0
actual,1746206846.9709294,394641.61053916183,4438790.419371797,-0.0022584909586656834,0
actual,1746206846.970958,394641.61053916183,4438790.419371797,-0.0022584909586656834,0
actual,1746206847.0184653,394641.6116882947,4438790.418647675,-0.002487792315792661,0
actual,1746206848.3341167,394641.6116882947,4438790.418647675,-0.002487792315792661,0
actual,1746206848.334192,394641.6116882947,4438790.418647675,-0.002487792315792661,0
actual,1746206850.3618407,394641.6100330439,4438790.41918198,-0.004516720117943484,0
actual,1746206850.3619359,394641.6100330439,4438790.41918198,-0.004516720117943484,0
actual,1746206851.595956,394641.6100330439,4438790.41918198,2.5429447201592987e-05,0
actual,1746206851.596009,394641.6100330439,4438790.41918198,2.5429447201592987e-05,0
actual,1746206852.5814703,394641.6135938352,4438790.414727184,0.0006287723163235955,0
actual,1746206852.581552,394641.6135938352,4438790.414727184,0.0006287723163235955,0
actual,1746206853.2553988,394641.6135938352,4438790.414727184,0.0006287723163235955,0
actual,1746206853.2554483,394641.6135938352,4438790.414727184,0.0006287723163235955,0
actual,1746206853.7272515,394641.61451274704,4438790.413425898,-6.95164641070245e-05,0
actual,1746206853.7273388,394641.61451274704,4438790.413425898,-6.95164641070245e-05,0
actual,1746206859.0949788,394641.61451274704,4438790.413425898,-0.0002302263816306797,0
actual,1746206859.0950582,394641.61451274704,4438790.413425898,-0.0002302263816306797,0
actual,1746206861.029088,394641.61219445255,4438790.412010331,-0.0009707172233741277,0
actual,1746206861.029175,394641.61219445255,4438790.412010331,-0.0009707172233741277,0
actual,1746206861.167303,394641.6117746587,4438790.411335009,-0.00023689353937308283,0
actual,1746206862.1132774,394641.60973089037,4438790.412055551,-0.00015353661429796345,0
actual,1746206862.1133244,394641.60973089037,4438790.412055551,-0.00015353661429796345,0
actual,1746206862.229303,394641.60973089037,4438790.412055551,-0.00015353661429796345,0
actual,1746206864.75314,394641.61114701675,4438790.413647626,-0.00015353661429796345,0
actual,1746206864.7532175,394641.61114701675,4438790.413647626,-0.00015353661429796345,0
actual,1746206865.0025356,394641.6103859437,4438790.411083446,-0.00015353661429796345,0
actual,1746206865.002583,394641.6103859437,4438790.411083446,-0.00015353661429796345,0
actual,1746206865.8899775,394641.6115193406,4438790.411978897,-4.300491276919879e-05,0
actual,1746206865.8900456,394641.6115193406,4438790.411978897,-4.300491276919879e-05,0
actual,1746206868.1857295,394641.6115193406,4438790.411978897,-4.300491276919879e-05,0
actual,1746206868.1858044,394641.6115193406,4438790.411978897,-4.300491276919879e-05,0
actual,1746206870.4655435,394641.60905124806,4438790.412514743,-0.0004346218903315811,0
actual,1746206870.4656024,394641.60905124806,4438790.412514743,-0.0004346218903315811,0
actual,1746206870.6330156,394641.6092921888,4438790.410460525,7.058111495053331e-05,0
actual,1746206871.0425122,394641.6092921888,4438790.410460525,7.058111495053331e-05,0
actual,1746206871.0425932,394641.6092921888,4438790.410460525,7.058111495053331e-05,0
actual,1746206871.3964303,394641.6078787335,4438790.411853525,-0.0002257059788680181,0
actual,1746206871.396485,394641.6078787335,4438790.411853525,-0.0002257059788680181,0
actual,1746206871.3965137,394641.6078787335,4438790.411853525,-0.0002257059788680181,0
actual,1746206872.3635964,394641.6078787335,4438790.411853525,0.000590026006929176,0
actual,1746206872.3639393,394641.6078787335,4438790.411853525,0.000590026006929176,0
actual,1746206874.3970497,394641.6078787335,4438790.411853525,0.000590026006929176,0
actual,1746206874.3970954,394641.6078787335,4438790.411853525,0.000590026006929176,0
actual,1746206875.7479281,394641.6078787335,4438790.411853525,0.000590026006929176,0
actual,1746206875.748009,394641.6078787335,4438790.411853525,0.000590026006929176,0
actual,1746206877.0354314,394641.6078787335,4438790.411853525,-3.8222710618654945e-05,0
actual,1746206877.0355046,394641.6078787335,4438790.411853525,-3.8222710618654945e-05,0
actual,1746206878.1767383,394641.6097539327,4438790.413575171,-0.0013871004230225316,0
actual,1746206878.176816,394641.6097539327,4438790.413575171,-0.0013871004230225316,0
actual,1746206878.6320393,394641.60781513725,4438790.41195683,-0.0013871004230225316,0
actual,1746206878.6321905,394641.60781513725,4438790.41195683,-0.0013871004230225316,0
actual,1746206881.9654763,394641.60921702324,4438790.415096716,-0.0002845584812452463,0
actual,1746206881.9656038,394641.60921702324,4438790.415096716,-0.0002845584812452463,0
actual,1746206882.6393054,394641.6085368865,4438790.408490758,0.0011803138132462341,0
actual,1746206882.6394382,394641.6085368865,4438790.408490758,0.0011803138132462341,0
actual,1746206882.8284423,394641.6085368865,4438790.408490758,0.0011803138132462341,0
actual,1746206885.210426,394641.61005486164,4438790.411095372,0.0011803138132462341,0
actual,1746206885.2104728,394641.61005486164,4438790.411095372,0.0011803138132462341,0
actual,1746206885.6645477,394641.61005486164,4438790.411095372,-0.0012395677413513998,0
actual,1746206885.6646264,394641.61005486164,4438790.411095372,-0.0012395677413513998,0
actual,1746206889.9294615,394641.60927108256,4438790.4183312645,-0.0027328016361876134,0
actual,1746206889.929528,394641.60927108256,4438790.4183312645,-0.0027328016361876134,0
actual,1746206890.0404863,394641.60927108256,4438790.4183312645,-0.0027328016361876134,0
actual,1746206895.1645877,394641.6111792067,4438790.418514303,0.00017976891295543103,0
actual,1746206895.1646996,394641.6111792067,4438790.418514303,0.00017976891295543103,0
actual,1746206898.5086524,394641.6126402914,4438790.408982785,0.0011510097351053233,0
actual,1746206898.5087128,394641.6126402914,4438790.408982785,0.0011510097351053233,0
actual,1746206899.0840333,394641.6126402914,4438790.408982785,-0.0012089372129788496,0
actual,1746206899.0841892,394641.6126402914,4438790.408982785,-0.0012089372129788496,0
actual,1746206901.653599,394641.6121681788,4438790.410570496,-0.0006817605124140471,0
actual,1746206901.6536715,394641.6121681788,4438790.410570496,-0.0006817605124140471,0
actual,1746206903.8465705,394641.6185369842,4438790.409047302,-0.0005014680006830995,0
actual,1746206903.8466222,394641.6185369842,4438790.409047302,-0.0005014680006830995,0
actual,1746206904.0477457,394641.61810161173,4438790.407494592,-0.0016294568429544537,0
actual,1746206904.047845,394641.61810161173,4438790.407494592,-0.0016294568429544537,0
actual,1746206904.1722012,394641.61810161173,4438790.407494592,-0.0010679320627103139,0
actual,1746206906.7506328,394641.61839065934,4438790.408790201,-0.00044102724868635003,0
actual,1746206906.7508438,394641.61839065934,4438790.408790201,-0.00044102724868635003,0
actual,1746206908.1402376,394641.61839065934,4438790.408790201,-0.0006102718262522878,0
actual,1746206908.1402926,394641.61839065934,4438790.408790201,-0.0006102718262522878,0
actual,1746206910.4673085,394641.61839065934,4438790.408790201,-0.0006102718262522878,0
actual,1746206910.467359,394641.61839065934,4438790.408790201,-0.0006102718262522878,0
actual,1746206911.7835312,394641.61839065934,4438790.408790201,-0.0006102718262522878,0
actual,1746206911.783609,394641.61839065934,4438790.408790201,-0.0006102718262522878,0
actual,1746206912.1293967,394641.61839065934,4438790.408790201,1.1187560505312765e-05,0
actual,1746206912.1294591,394641.61839065934,4438790.408790201,1.1187560505312765e-05,0
actual,1746206912.129489,394641.61839065934,4438790.408790201,1.1187560505312765e-05,0
actual,1746206912.8054512,394641.6187552518,4438790.409046702,1.1187560505312765e-05,0
actual,1746206912.8055005,394641.6187552518,4438790.409046702,1.1187560505312765e-05,0
actual,1746206914.466503,394641.6207035489,4438790.411181263,0.001204277183876133,0
actual,1746206914.466552,394641.6207035489,4438790.411181263,0.001204277183876133,0
actual,1746206917.2773514,394641.6201140651,4438790.408931377,1.7976891295543103e-05,0
actual,1746206917.277398,394641.6201140651,4438790.408931377,1.7976891295543103e-05,0
actual,1746206917.533955,394641.6192070893,4438790.412714749,-0.002849843415826498,0
actual,1746206917.5340254,394641.6192070893,4438790.412714749,-0.002849843415826498,0
actual,1746206917.9385448,394641.62006774324,4438790.414458199,-0.002849843415826498,0
actual,1746206917.9387085,394641.62006774324,4438790.414458199,-0.002849843415826498,0
actual,1746206918.060715,394641.62006774324,4438790.414458199,0.0010259743474923962,0
actual,1746206919.564495,394641.6161956637,4438790.418701916,0.00041877430072355165,0
actual,1746206919.5645473,394641.6161956637,4438790.418701916,0.00041877430072355165,0
actual,1746206921.9954724,394641.6161956637,4438790.418701916,0.00041877430072355165,0
actual,1746206921.995529,394641.6161956637,4438790.418701916,0.00041877430072355165,0
actual,1746206922.3132906,394641.61842013145,4438790.419696107,0.00013875367553344286,0
actual,1746206922.313346,394641.61842013145,4438790.419696107,0.00013875367553344286,0
actual,1746206922.31338,394641.61842013145,4438790.419696107,0.00013875367553344286,0
actual,1746206923.8539433,394641.6176351507,4438790.417615881,0.0007452904971867157,0
actual,1746206923.8540814,394641.6176351507,4438790.417615881,0.0007452904971867157,0
actual,1746206924.1483476,394641.6176351507,4438790.417615881,-0.0019046952659940186,0
actual,1746206924.1484525,394641.6176351507,4438790.417615881,-0.0019046952659940186,0
actual,1746206924.3543174,394641.61702573416,4438790.418675298,-0.0011945556999425145,0
actual,1746206924.354402,394641.61702573416,4438790.418675298,-0.0011945556999425145,0
actual,1746206924.354431,394641.61702573416,4438790.418675298,-0.0011945556999425145,0
actual,1746206924.947844,394641.61702573416,4438790.418675298,-0.0011945556999425145,0
actual,1746206924.9479573,394641.61702573416,4438790.418675298,-0.0011945556999425145,0
actual,1746206926.1313043,394641.61702573416,4438790.418675298,-0.0011945556999425145,0
actual,1746206926.1314013,394641.61702573416,4438790.418675298,-0.0011945556999425145,0
actual,1746206926.2501645,394641.61702573416,4438790.418675298,-0.0011945556999425145,0
actual,1746206928.8124776,394641.61806536146,4438790.4197892025,-0.0023485150414834536,0
actual,1746206928.812536,394641.61806536146,4438790.4197892025,-0.0023485150414834536,0
actual,1746206929.772083,394641.6165780833,4438790.420566519,-0.0007997447698488615,0
actual,1746206929.772136,394641.6165780833,4438790.420566519,-0.0007997447698488615,0
actual,1746206930.1641262,394641.6165780833,4438790.420566519,-0.000920120128358824,0
actual,1746206930.1641994,394641.6165780833,4438790.420566519,-0.000920120128358824,0
actual,1746206930.164229,394641.6165780833,4438790.420566519,-0.000920120128358824,0
actual,1746206931.5433729,394641.62034255493,4438790.4203528,-0.0003854908718879715,0
actual,1746206931.5434256,394641.62034255493,4438790.4203528,-0.0003854908718879715,0
actual,1746206931.9021337,394641.61764752713,4438790.4173392495,0.0001492780109231841,0
actual,1746206931.9021885,394641.61764752713,4438790.4173392495,0.0001492780109231841,0
actual,1746206931.9022398,394641.61764752713,4438790.4173392495,0.0001492780109231841,0
actual,1746206932.4682815,394641.61887630774,4438790.415824223,-7.470009198525761e-05,0
actual,1746206932.4684353,394641.61887630774,4438790.415824223,-7.470009198525761e-05,0
actual,1746206935.8471186,394641.61887630774,4438790.415824223,-0.0009572781881339701,0
actual,1746206935.8472912,394641.61887630774,4438790.415824223,-0.0009572781881339701,0
actual,1746206941.6723714,394641.61702121136,4438790.417330059,-0.0012962909420411142,0
actual,1746206946.8813345,394641.6190151123,4438790.416197036,0.0001615127689795298,0
actual,1746206946.8813891,394641.6190151123,4438790.416197036,0.0001615127689795298,0
actual,1746206948.5101018,394641.61869418516,4438790.415799459,-0.0016265246898110653,0
actual,1746206948.5101483,394641.61869418516,4438790.415799459,-0.0016265246898110653,0
actual,1746206953.680175,394641.6196939342,4438790.413960423,-0.00022064452403711612,0
actual,1746206953.6802912,394641.6196939342,4438790.413960423,-0.00022064452403711612,0
actual,1746206953.9523098,394641.6196939342,4438790.413960423,-0.0011587415436914834,0
actual,1746206953.952362,394641.6196939342,4438790.413960423,-0.0011587415436914834,0
actual,1746206954.4464538,394641.6196939342,4438790.413960423,-0.0011587415436914834,0
actual,1746206954.4465148,394641.6196939342,4438790.413960423,-0.0011587415436914834,0
actual,1746206955.1909463,394641.6196939342,4438790.413960423,-0.0023021765498431775,0
actual,1746206955.1910346,394641.6196939342,4438790.413960423,-0.0023021765498431775,0
actual,1746206955.5881555,394641.6196939342,4438790.413960423,-0.0023021765498431775,0
actual,1746206955.588244,394641.6196939342,4438790.413960423,-0.0023021765498431775,0
actual,1746206955.5883152,394641.6196939342,4438790.413960423,-0.0023021765498431775,0
actual,1746206955.6918697,394641.6196939342,4438790.413960423,-0.001659424146211184,0
actual,1746206955.6920195,394641.6196939342,4438790.413960423,-0.001659424146211184,0
actual,1746206956.3156803,394641.6197626047,4438790.414753257,-0.001659424146211184,0
actual,1746206956.3157375,394641.6197626047,4438790.414753257,-0.001659424146211184,0
actual,1746206956.541794,394641.6197626047,4438790.414753257,-0.0003885626513714148,0
actual,1746206956.5418978,394641.6197626047,4438790.414753257,-0.0003885626513714148,0
actual,1746206956.905462,394641.6197626047,4438790.414753257,-0.0003885626513714148,0
actual,1746206956.9055154,394641.6197626047,4438790.414753257,-0.0003885626513714148,0
actual,1746206956.9055445,394641.6197626047,4438790.414753257,-0.0003885626513714148,0
actual,1746206957.9635286,394641.6197626047,4438790.414753257,-0.001954489509553448,0
actual,1746206957.9636064,394641.6197626047,4438790.414753257,-0.001954489509553448,0
actual,1746206958.075721,394641.61915345915,4438790.415597973,0.0005928185337325092,0
actual,1746206958.163742,394641.61915345915,4438790.415597973,0.0005928185337325092,0
actual,1746206966.7282512,394641.6187587106,4438790.415562863,0.0005928185337325092,0
actual,1746206966.7282987,394641.6187587106,4438790.415562863,0.0005928185337325092,0
actual,1746206969.2279246,394641.6191228356,4438790.411920988,0.0005928185337325092,0
actual,1746206969.2280202,394641.6191228356,4438790.411920988,0.0005928185337325092,0
actual,1746206974.6281266,394641.6191228356,4438790.411920988,0.0005928185337325092,0
actual,1746206974.6281908,394641.6191228356,4438790.411920988,0.0005928185337325092,0
actual,1746206975.400688,394641.6191228356,4438790.411920988,-0.0019940386704034936,0
actual,1746206975.4007359,394641.6191228356,4438790.411920988,-0.0019940386704034936,0
actual,1746206975.6526697,394641.6191228356,4438790.411920988,-0.0019940386704034936,0
actual,1746206975.652734,394641.6191228356,4438790.411920988,-0.0019940386704034936,0
actual,1746206975.845474,394641.6191228356,4438790.411920988,-0.0027421216943932947,0
actual,1746206975.8455343,394641.6191228356,4438790.411920988,-0.0027421216943932947,0
actual,1746206979.026475,394641.6191228356,4438790.411920988,-0.0027421216943932947,0
actual,1746206979.0265207,394641.6191228356,4438790.411920988,-0.0027421216943932947,0
actual,1746206980.0259023,394641.6177905784,4438790.414057955,-0.0016242557617834965,0
actual,1746206980.0259497,394641.6177905784,4438790.414057955,-0.0016242557617834965,0
actual,1746206981.4072397,394641.6177905784,4438790.414057955,-0.002442919900723831,0
actual,1746206981.4072976,394641.6177905784,4438790.414057955,-0.002442919900723831,0
actual,1746206986.1071897,394641.61868436105,4438790.417793765,-0.002095110687386522,0
actual,1746206986.1072376,394641.61868436105,4438790.417793765,-0.002095110687386522,0
actual,1746206997.0815098,394641.62148920284,4438790.41576638,-0.002095110687386522,0
actual,1746206997.0815587,394641.62148920284,4438790.41576638,-0.002095110687386522,0
actual,1746206997.9476154,394641.62085430766,4438790.417232455,-0.0026209434844274575,0
actual,1746206997.9476614,394641.62085430766,4438790.417232455,-0.0026209434844274575,0
actual,1746206998.2750337,394641.62085430766,4438790.417232455,-0.0006609910943151707,0
actual,1746206998.2750843,394641.62085430766,4438790.417232455,-0.0006609910943151707,0
actual,1746206998.2751124,394641.62085430766,4438790.417232455,-0.0006609910943151707,0
actual,1746206998.6124885,394641.62085430766,4438790.417232455,-0.0006609910943151707,0
actual,1746206998.6125343,394641.62085430766,4438790.417232455,-0.0006609910943151707,0
actual,1746206998.6125622,394641.62085430766,4438790.417232455,-0.0006609910943151707,0
actual,1746206998.8772757,394641.6202479185,4438790.4208079465,-0.00033409092541679316,0
actual,1746206998.8773503,394641.6202479185,4438790.4208079465,-0.00033409092541679316,0
actual,1746206998.8773835,394641.6202479185,4438790.4208079465,-0.00033409092541679316,0
actual,1746206999.2866004,394641.6202479185,4438790.4208079465,-0.0010038784791621287,0
actual,1746206999.2866526,394641.6202479185,4438790.4208079465,-0.0010038784791621287,0
actual,1746206999.8695168,394641.6202479185,4438790.4208079465,-0.0010038784791621287,0
actual,1746206999.8695686,394641.6202479185,4438790.4208079465,-0.0010038784791621287,0
actual,1746207000.9592092,394641.62206282926,4438790.425159321,-0.0006724404542083657,0
actual,1746207000.9593,394641.62206282926,4438790.425159321,-0.0006724404542083657,0
actual,1746207001.578901,394641.62206282926,4438790.425159321,-0.0006724404542083657,0
actual,1746207001.5789676,394641.62206282926,4438790.425159321,-0.0006724404542083657,0
actual,1746207004.336072,394641.6215409724,4438790.423244079,-0.0006724404542083657,0
actual,1746207004.336214,394641.6215409724,4438790.423244079,-0.0006724404542083657,0
actual,1746207005.478418,394641.6215409724,4438790.423244079,-0.001041036538937027,0
actual,1746207005.4784636,394641.6215409724,4438790.423244079,-0.001041036538937027,0
actual,1746207005.5939713,394641.6161537751,4438790.425961086,-0.00028363345674154453,0
actual,1746207005.7396553,394641.61367084034,4438790.409572991,-0.00028363345674154453,0
actual,1746207006.4312918,394641.6201638132,4438790.429615655,0.001070462790125765,0
actual,1746207006.4314082,394641.6201638132,4438790.429615655,0.001070462790125765,0
actual,1746207010.3950846,394641.6201638132,4438790.429615655,-0.0033085857564205093,0
actual,1746207010.3951287,394641.6201638132,4438790.429615655,-0.0033085857564205093,0
actual,1746207012.6679306,394641.6201638132,4438790.429615655,-0.0015912341323357988,0
actual,1746207012.6679804,394641.6201638132,4438790.429615655,-0.0015912341323357988,0
actual,1746207014.191691,394641.6152988734,4438790.416325156,-0.0015912341323357988,0
actual,1746207014.1917396,394641.6152988734,4438790.416325156,-0.0015912341323357988,0
actual,1746207014.511622,394641.6129397725,4438790.417167703,-0.0004928111675932378,0
actual,1746207014.511693,394641.6129397725,4438790.417167703,-0.0004928111675932378,0
actual,1746207014.511723,394641.6129397725,4438790.417167703,-0.0004928111675932378,0
actual,1746207017.3424828,394641.6133760741,4438790.418024084,-0.0015502188949138105,0
actual,1746207017.3425534,394641.6133760741,4438790.418024084,-0.0015502188949138105,0
actual,1746207018.4581974,394641.6145398243,4438790.414968141,-0.0015502188949138105,0
actual,1746207018.4582512,394641.6145398243,4438790.414968141,-0.0015502188949138105,0
actual,1746207018.9970043,394641.6145398243,4438790.414968141,-0.0011631397734065657,0
