x,y,yaw
4.6,2.4,0
4.6499808745149,2.398870995883114,-0.05646220487721894
4.699818388967224,2.3949232597236607,-0.11292440975443785
4.749353704533412,2.388169373484731,-0.1693866146316568
4.798428945538172,2.3786308627049966,-0.22584881950887578
4.846887702625362,2.36633812789394,-0.28231102438609473
4.894575531255536,2.3513303476413685,-0.3387732292633137
4.941340443941336,2.3336553537500055,-0.3952354341405327
4.987309475885863,2.3139881959752824,-0.4065278751159765
5.033234441544042,2.294217067294932,-0.4065278751159765
5.079159407202222,2.2744459386145817,-0.4065278751159765
5.125084372860401,2.2546748099342313,-0.4065278751159765
5.171009338518581,2.234903681253881,-0.4065278751159765
5.21693430417676,2.2151325525735306,-0.4065278751159765
5.26285926983494,2.1953614238931802,-0.4065278751159765
5.317693147390842,2.1710173522906184,-0.4516976390177517
5.362168506581623,2.148185250056676,-0.5081598438949706
5.40528452533494,2.1228796895129167,-0.5646220487721896
5.446903787132923,2.0951813228650216,-0.6210842536494086
5.486893645822287,2.065178428511727,-0.6775464585266275
5.525126648375362,2.032966629689761,-0.7340086634038465
5.561480941099936,1.9986485897098005,-0.7904708682810655
5.595840658003272,1.9623336847547708,-0.8469330731582845
5.628096290072516,1.9241376552833216,-0.9033952780355035
5.658145034294571,1.8841822371495085,-0.9598574829127224
5.685891121303044,1.8425947736143449,-1.0163196877899414
5.711246120608027,1.799507809485799,-1.0727818926671604
5.734129222435897,1.7550586686807659,-1.1292440975443794
5.754467495280864,1.709389016555378,-1.1857063024215984
5.772408175987451,1.6627221070373712,-1.1969987433970422
5.7917099059930965,1.6166048034913107,-1.1405365385198232
5.813583378740764,1.5716502302253195,-1.0840743336426042
5.837958880547565,1.528001663476377,-1.0276121287653852
5.8647587234293965,1.4857982170640343,-0.9711499238881662
5.893897492702926,1.4451743990160681,-0.9146877190109473
5.92528231921362,1.4062596828734066,-0.8582255141337283
5.9657675823846175,1.361992260196342,-0.7904708682810655
6.0017320309936695,1.3272658883182278,-0.7340086634038465
6.039598853745146,1.294624408537457,-0.6775464585266275
6.079247364010835,1.2641718536153852,-0.6210842536494086
6.120551196686144,1.236005279917109,-0.5646220487721896
6.163378710932583,1.2102144580798495,-0.5081598438949706
6.207593409734731,1.1868815869019262,-0.4516976390177516
6.2530543749344725,1.1660810313641958,-0.39523543414053264
6.299616716356011,1.14787908561891,-0.33877322926331366
6.347132033590243,1.1323337617013887,-0.2823110243860947
6.395448888966699,1.1194946046379037,-0.2258488195088757
6.444413290205664,1.1094025345390566,-0.16938661463165672
6.493869181212152,1.1020897161819105,-0.11292440975443777
6.543658939447565,1.0975794564965466,-0.05646220487721885
6.603623878293792,1.0958861302837597,0.011292440975443881
6.65358881714002,1.0975794564965466,0.06775464585266282
6.7033785753754325,1.1020897161819105,0.12421685072988173
6.752834466381921,1.1094025345390566,0.1806790556071007
6.801798867620885,1.1194946046379037,0.2371412604843197
6.850115722997342,1.1323337617013887,0.29360346536153864
6.897631040231573,1.14787908561891,0.3500656702387576
6.944193381653112,1.1660810313641958,0.4065278751159766
6.989654346852854,1.1868815869019265,0.4629900799931956
7.033869045655002,1.2102144580798497,0.5194522848704145
7.076696559901441,1.2360052799171093,0.5759144897476335
7.118000392576749,1.2641718536153854,0.6323766946248525
7.157648902842438,1.2946244085374572,0.6888388995020714
7.195515725593915,1.327265888318228,0.7453011043792904
7.231480174202967,1.3619922601963421,0.8017633092565094
7.265427625162188,1.3986928465805075,0.8582255141337284
7.297249883405421,1.4372506777937801,0.9146877190109474
7.32684552713991,1.4775428648715683,0.9711499238881663
7.3541202310911125,1.5194409912251963,1.0276121287653852
7.378987067129963,1.5628115219227467,1.0840743336426042
7.4013667813244535,1.6075162292827472,1.1405365385198232
7.421188046532501,1.653412633424276,1.1969987433970422
7.439023835609984,1.7001213703609608,1.1857063024215984
7.458845100818031,1.7460177745024896,1.1292440975443794
7.481224815012522,1.79072248186249,1.0727818926671604
7.506091651051372,1.8340930125600405,1.0163196877899414
7.533366355002575,1.8759911389136685,0.9598574829127224
7.562961998737064,1.9162833259914567,0.9033952780355035
7.594784256980297,1.9548411572047293,0.8469330731582845
7.635766815487648,1.9986485897098007,0.7791784273056217
7.672121108212223,2.0329666296897613,0.7227162224284027
7.710354110765298,2.0651784285117274,0.6662540175511837
7.750343969454661,2.095181322865022,0.6097918126739648
7.791963231252645,2.122879689512917,0.5533296077967458
7.835079250005961,2.1481852500566765,0.4968674029195268
7.8795546091967426,2.171017352290619,0.4404051980423078
7.92515825608392,2.1915106648283023,0.429112757066864
7.970137889327357,2.2133325588995376,0.485574961944083
8.013814386817673,2.237657978413877,0.542037166821302
8.05604854571631,2.264409395006179,0.598499371698521
8.096705760110693,2.293501548334175,0.65496157657574
8.13565645002127,2.324841717814581,0.7114237814529589
8.172776474390238,2.3583300181359994,0.7678859863301779
8.214737882797195,2.401200770975196,0.8356406321828407
8.247422775523015,2.4390301280285733,0.8921028370600597
8.27792078848083,2.478643682188672,0.9485650419372786
8.30613472042471,2.519915179760682,1.0050272468144976
8.331974649780369,2.5627130829624147,1.0614894516917166
8.355358221237257,2.606900989152807,1.1179516565689356
8.37621090822595,2.6523380655653788,1.1744138614461546
8.397800369606971,2.7083073107074402,1.2421685072988173
8.412862839402516,2.7559778935781014,1.2986307121760363
8.42521114982142,2.804422518639802,1.3550929170532553
8.434805945146978,2.8534867863937476,1.4115551219304743
8.441616645483332,2.9030143224570186,1.4680173268076933
8.445621544217685,2.952847275948637,1.5244795316849122
8.446807877202176,3.002826822581437,1.5809417365621312
8.44517186343493,3.052793670856305,1.6374039414393502
8.440718717110618,3.102588569745494,1.6938661463165692
8.433462631002113,3.1520528162469437,1.7503283511937882
8.423426731226234,3.2010287611919748,1.8067905560710071
8.41064300353771,3.24936031169427,1.8632527609482261
8.395152191386313,3.296893428638779,1.919714965825445
8.377003666062025,3.343476617624978,1.976177170702664
8.35625526934214,3.388961411799786,2.032639375579883
8.332973129141786,3.433202845041277,2.089101580457102
8.307231448755404,3.476059913985101,2.145563785334321
8.279112270360942,3.5173960274210625,2.2020259902115398
8.248705213540449,3.5570794416275726,2.2584881950887588
8.216107189650485,3.5949836802565116,2.3149503999659777
8.18142209295267,3.6309879374302607,2.3714126048431967
8.144760469488778,3.664977462766194,2.4278748097204157
8.106239164755713,3.696843927101491,2.4843370145976347
8.065980951303294,3.7264857677526657,2.5407992194748537
8.024114137441707,3.753808512209425,2.5972614243520726
7.980772158305768,3.778725079231189,2.6537236292292916
7.936093150579305,3.8011560563866533,2.7101858341065106
7.890219512235071,3.8210299531518257,2.7666480389837296
7.843297448693361,3.8382834287598886,2.8231102438609486
7.795572236985944,3.853186453411668,2.845695125811836
7.747745196491667,3.867766377881941,2.845695125811836
7.6999181559973895,3.8823463023522136,2.845695125811836
7.652091115503112,3.8969262268224862,2.845695125811836
7.604264075008835,3.911506151292759,2.845695125811836
7.556437034514558,3.9260860757630316,2.845695125811836
7.508609994020281,3.9406660002333043,2.845695125811836
7.460782953526004,3.955245924703577,2.845695125811836
7.412955913031727,3.9698258491738496,2.845695125811836
7.36512887253745,3.9844057736441223,2.845695125811836
7.317301832043173,3.998985698114395,2.845695125811836
7.2694747915488955,4.01356562258467,2.845695125811836
7.221647751054618,4.028145547054945,2.845695125811836
7.173820710560341,4.04272547152522,2.845695125811836
7.125993670066064,4.057305395995495,2.845695125811836
7.078166629571787,4.0718853204657695,2.845695125811836
7.03033958907751,4.086465244936044,2.845695125811836
6.982512548583233,4.101045169406319,2.845695125811836
6.934685508088956,4.115625093876594,2.845695125811836
6.886858467594679,4.130205018346869,2.845695125811836
6.839031427100402,4.144784942817144,2.845695125811836
6.7912043866061245,4.159364867287419,2.845695125811836
6.743377346111847,4.173944791757694,2.845695125811836
6.69555030561757,4.188524716227969,2.845695125811836
6.647723265123293,4.2031046406982435,2.845695125811836
6.599896224629016,4.217684565168518,2.845695125811836
6.552069184134739,4.232264489638793,2.845695125811836
6.504242143640462,4.246844414109068,2.845695125811836
6.456415103146185,4.261424338579343,2.845695125811836
6.408588062651908,4.276004263049618,2.845695125811836
6.3607610221576305,4.290584187519893,2.845695125811836
6.312933981663353,4.305164111990168,2.845695125811836
6.265106941169076,4.319744036460443,2.845695125811836
6.217279900674799,4.334323960930718,2.845695125811836
6.169452860180522,4.3489038854009925,2.845695125811836
6.121625819686245,4.363483809871267,2.845695125811836
6.073900607978827,4.378386834523049,2.8118178028855048
6.026978544437117,4.395640310131111,2.7553555980082858
5.981104906092884,4.415514206896283,2.698893393131067
5.936425898366421,4.437945184051747,2.642431188253848
5.893083919230483,4.46286175107351,2.585968983376629
5.851217105368894,4.49018449553027,2.52950677849941
5.810958891916475,4.519826336181446,2.473044573622191
5.764514946065962,4.557807108963613,2.473044573622191
5.724594021056263,4.587901663519882,2.52950677849941
5.683038410499732,4.615695434383948,2.585968983376629
5.639980557684635,4.641099839091077,2.642431188253848
5.595557693746216,4.664033910406022,2.698893393131067
5.5499114002927215,4.684424554376424,2.7553555980082858
5.503187158165875,4.702206783293015,2.8118178028855048
5.455599739548915,4.717539951835487,2.8231102438609486
5.408485837993851,4.734262474008595,2.7666480389837296
5.362390704467442,4.753617089291591,2.7101858341065106
5.317461250324749,4.775542111937187,2.6537236292292916
5.273840671744748,4.799967663966078,2.5972614243520726
5.23166799334495,4.826815897877409,2.5407992194748537
5.1910776250913635,4.856001244759165,2.4843370145976347
5.152198933915945,4.887430687007744,2.4278748097204157
5.115155831406899,4.921004054787496,2.3714126048431967
5.080066378885863,4.95661434528539,2.3149503999659777
5.047042411130697,4.994148063743278,2.2584881950887588
5.0161891799430816,5.033485585180881,2.2020259902115398
4.987605018696957,5.07450153565659,2.145563785334321
4.961381028936904,5.117065191850988,2.089101580457102
4.940863927407895,5.162506204624164,2.0458652540850317
4.917993940276397,5.206969264444705,2.0458652540850317
4.8951239531449,5.251432324265246,2.0458652540850317
4.872253966013402,5.295895384085787,2.0458652540850317
4.849383978881905,5.340358443906328,2.0458652540850317
4.826513991750407,5.384821503726869,2.0458652540850317
4.80364400461891,5.42928456354741,2.0458652540850317
4.7807740174874125,5.4737476233679505,2.0458652540850317
4.757904030355915,5.518210683188491,2.0458652540850317
4.735034043224418,5.562673743009032,2.0458652540850317
4.71216405609292,5.607136802829573,2.0458652540850317
4.689294068961423,5.651599862650114,2.0458652540850317
4.666424081829925,5.696062922470655,2.0458652540850317
4.643554094698428,5.740525982291196,2.0458652540850317
4.62068410756693,5.784989042111737,2.0458652540850317
4.597814120435433,5.829452101932278,2.0458652540850317
4.574944133303935,5.8739151617528185,2.0458652540850317
4.552074146172438,5.918378221573359,2.0458652540850317
4.52920415904094,5.9628412813939,2.0458652540850317
4.506334171909443,6.007304341214441,2.0458652540850317
4.4834641847779455,6.051767401034982,2.0458652540850317
4.460594197646448,6.096230460855523,2.0458652540850317
4.437724210514951,6.140693520676064,2.0458652540850317
4.414854223383453,6.185156580496605,2.0458652540850317
4.391984236251956,6.2296196403171455,2.0458652540850317
4.369114249120458,6.274082700137686,2.0458652540850317
4.346244261988961,6.318545759958227,2.0458652540850317
4.323374274857463,6.363008819778768,2.0458652540850317
4.300504287725966,6.407471879599309,2.0458652540850317
4.277634300594468,6.45193493941985,2.0458652540850317
4.254764313462971,6.496397999240391,2.0458652540850317
4.231894326331473,6.540861059060932,2.0458652540850317
4.209024339199976,6.585324118881473,2.0458652540850317
4.1861543520684785,6.6297871787020135,2.0458652540850317
4.163284364936981,6.674250238522554,2.0458652540850317
4.140414377805484,6.718713298343095,2.0458652540850317
4.117544390673986,6.763176358163636,2.0458652540850317
4.094674403542489,6.807639417984177,2.0458652540850317
4.071804416410991,6.852102477804718,2.0458652540850317
4.048934429279494,6.896565537625259,2.0458652540850317
4.026064442147996,6.9410285974458,2.0458652540850317
4.003194455016499,6.985491657266341,2.0458652540850317
3.9803244678850014,7.0299547170868815,2.0458652540850317
3.957454480753504,7.074417776907422,2.0458652540850317
3.9345844936220065,7.118880836727963,2.0458652540850317
3.911714506490509,7.163343896548504,2.0458652540850317
3.8888445193590115,7.207806956369045,2.0458652540850317
3.865974532227514,7.252270016189586,2.0458652540850317
3.8431045450960166,7.296733076010127,2.0458652540850317
3.820234557964519,7.341196135830668,2.0458652540850317
3.7973645708330217,7.3856591956512085,2.0458652540850317
3.7744945837015242,7.430122255471749,2.0458652540850317
3.751624596570027,7.47458531529229,2.0458652540850317
3.7287546094385293,7.519048375112831,2.0458652540850317
3.705884622307032,7.563511434933372,2.0458652540850317
3.6830146351755344,7.607974494753913,2.0458652540850317
3.660144648044037,7.652437554574454,2.0458652540850317
3.6372746609125395,7.696900614394995,2.0458652540850317
3.614404673781042,7.741363674215536,2.0458652540850317
3.5915346866495446,7.7858267340360765,2.0458652540850317
3.568664699518047,7.830289793856617,2.0458652540850317
3.5457947123865496,7.874752853677158,2.0458652540850317
3.522924725255052,7.919215913497699,2.0458652540850317
3.5000547381235547,7.96367897331824,2.0458652540850317
3.4771847509920573,8.008142033138782,2.0458652540850317
3.45431476386056,8.052605092959327,2.0458652540850317
3.4314447767290623,8.097068152779872,2.0458652540850317
3.408574789597565,8.141531212600418,2.0458652540850317
3.3857048024660674,8.185994272420963,2.0458652540850317
3.36283481533457,8.230457332241508,2.0458652540850317
3.3399648282030725,8.274920392062054,2.0458652540850317
3.317094841071575,8.319383451882599,2.0458652540850317
3.2942248539400776,8.363846511703144,2.0458652540850317
3.26845772398733,8.413942099160538,2.0571576950604755
3.244097964524647,8.457599453483613,2.1136198999376945
3.217313342998231,8.499812561841763,2.1700821048149135
3.1881892255789173,8.540446885413298,2.2265443096921325
3.1568184347238226,8.579372917174783,2.2830065145693514
3.123300953338762,8.61646659465724,2.3394687194465704
3.0877436061193553,8.65160969534982,2.3959309243237894
3.050259719086437,8.684690213490768,2.4523931292010084
3.010968758400874,8.715602717044765,2.5088553340782274
2.9699959496089305,8.74424868372891,2.5653175389554463
2.927471878531708,8.770536815016426,2.6217797438326653
2.8835320750706686,8.794383327117265,2.6782419487098843
2.8383165812557123,8.81571221800826,2.7347041535871033
2.791969504912504,8.83445550966173,2.7911663584643223
2.744638560371556,8.850553464700551,2.8476285633415412
2.6964745976829025,8.86395477678916,2.90409076821876
2.6476311218368216,8.874616734153715,2.960552973095979
2.598263803522895,8.882505355710219,3.017015177973198
2.5485299829867074,8.887595499366792,3.073477382850417
2.4985881685654383,8.88987094215487,3.129939587727636
2.4485975315005963,8.889324431933984,3.186401792604855
2.398717398637984,8.885957710505293,3.242863997482074
2.3491067446317326,8.879781508060239,3.299326202359293
2.2999236852708203,8.870815508981986,3.355788407236512
2.2513249735429057,8.85908828910866,3.412250612113731
2.203465500041594,8.844637224658333,3.46871281699095
2.1564977993094003,8.827508373106014,3.525175021868169
2.1105715636897635,8.807756326392322,3.581637226745388
2.065833166237529,8.785444036931663,3.638099431622607
2.022425194208448,8.760642616974476,3.694561636499826
1.9804859946145246,8.733431111962968,3.751023841377045
1.940149233293585,8.703896248602733,3.807486046254264
1.9015434688983788,8.672132158453131,3.863948251131483
1.8647917431629593,8.638240077917423,3.920410456008702
1.830011188752222,8.602328025588823,3.976872660885921
1.7973126559444361,8.564510457980788,4.033334865763139
1.766800359336585,8.524907904738795,4.089797070640358
1.7385715456985071,8.48364658449626,4.146259275517577
1.7127161840344352,8.440858002598862,4.202721480394796
1.6893166788397485,8.396678531979418,4.259183685272015
1.6684476074668255,8.351248978519118,4.315645890149234
1.6501754824370483,8.304714132280342,4.372108095026453
1.6345585394565016,8.257222306041372,4.428570299903672
1.6216465518109895,8.208924862603729,4.485032504780891
1.6114806717319177,8.159975732378687,4.54149470965811
1.6040932992386279,8.110530922790465,4.597956914535329
1.5995079788752034,8.060748021059696,4.654419119412548
1.5977393246708578,8.0107856919519,4.710881324289767
1.6,8,-1.5707963267948966
