21.61,-10.137,90.0
22.019,-10.112,82.667
22.429,-10.032,76.623
22.828,-9.937,76.623
23.227,-9.842,76.623
23.626,-9.747,76.623
24.025,-9.653,76.623
24.423,-9.558,76.623
24.822,-9.463,76.623
25.221,-9.368,76.623
25.62,-9.273,76.623
26.019,-9.178,76.623
26.418,-9.083,76.623
26.817,-8.989,76.623
27.216,-8.894,76.623
27.614,-8.799,76.623
28.013,-8.704,76.623
28.412,-8.609,76.623
28.811,-8.514,76.623
29.21,-8.419,76.623
29.609,-8.325,76.623
30.008,-8.23,76.623
30.407,-8.135,76.623
30.805,-8.04,76.623
31.204,-7.945,76.623
31.603,-7.85,76.623
32.002,-7.755,76.623
32.401,-7.661,76.623
32.8,-7.566,76.623
33.199,-7.471,76.623
33.598,-7.376,76.623
33.996,-7.281,76.623
34.395,-7.186,76.623
34.794,-7.091,76.623
35.193,-6.997,76.623
35.592,-6.902,76.623
35.991,-6.807,76.623
36.39,-6.712,76.623
36.789,-6.617,76.623
37.187,-6.522,76.623
37.586,-6.427,76.623
37.985,-6.333,76.623
38.384,-6.238,76.623
38.783,-6.143,76.623
39.182,-6.048,76.623
39.581,-5.953,76.623
39.98,-5.858,76.623
40.378,-5.763,76.623
40.777,-5.668,76.623
41.176,-5.574,76.623
41.575,-5.479,76.623
41.974,-5.384,76.623
42.373,-5.289,76.623
42.772,-5.194,76.623
43.171,-5.099,76.623
43.569,-5.004,76.623
43.968,-4.91,76.623
44.367,-4.815,76.623
44.766,-4.72,76.623
45.165,-4.625,76.623
45.564,-4.53,76.623
45.963,-4.435,76.623
46.362,-4.34,76.623
46.76,-4.246,76.623
47.159,-4.151,76.623
47.558,-4.056,76.623
47.957,-3.961,76.623
48.356,-3.866,76.623
48.755,-3.771,76.623
49.154,-3.676,76.623
49.553,-3.582,76.623
49.951,-3.487,76.623
50.35,-3.392,76.623
50.749,-3.297,76.623
51.148,-3.202,76.623
51.547,-3.107,76.623
51.946,-3.012,76.623
52.345,-2.918,76.623
52.744,-2.823,76.623
53.142,-2.728,76.623
53.55,-2.643,81.631
53.959,-2.609,88.964
54.017,-2.609,90.0
